asset_id,timestamp,model,response,fall_height_bin_value,fall_height_bin_confidence,has_pedestrian_railing_value,has_pedestrian_railing_confidence,material_frame_tank_body_value,material_frame_tank_body_confidence,steps_bin_value,steps_bin_confidence,structure_position_value,structure_position_confidence,parse_error
46496,2026-05-20T14:07:14.707109,gemma-4-26b-a4b-it,"{
    ""fall_height"": {
        ""value"": ""high (>1.2m)"",
        ""confidence"": 0.8
    },
    ""has_pedestrian_railing"": {
        ""value"": ""No railings"",
        ""confidence"": 1.0
    },
    ""material_frame_tank_body"": {
        ""value"": ""Rock/Stone"",
        ""confidence"": 1.0
    },
    ""number_of_steps"": {
        ""value"": ""medium (10-20)"",
        ""confidence"": 0.9
    },
    ""structure_position"": {
        ""value"": ""At-Grade"",
        ""confidence"": 0.8
    }
}",high (>1.2m),0.8,No railings,1.0,Rock/Stone,1.0,medium (10-20),0.9,At-Grade,0.8,False
47049,2026-05-20T13:58:57.919162,gemma-4-26b-a4b-it,,,,,,,,,,,,True
47050,2026-05-20T14:09:02.978472,gemma-4-26b-a4b-it,,,,,,,,,,,,True
47053,2026-05-20T14:09:05.740167,gemma-4-26b-a4b-it,,,,,,,,,,,,True
47054,2026-05-20T14:10:02.314727,gemma-4-26b-a4b-it,"{
""fall_height"": {
""value"": ""low (<0.5m)"",
""confidence"": 1.0
},
""has_pedestrian_railing"": {
""value"": ""No railings"",
""confidence"": 1.0
},
""material_frame_tank_body"": {
""value"": ""Timber/Wood"",
""confidence"": 1.0
},
""number_of_steps"": {
""value"": ""few (<10)"",
""confidence"": 1.0
},
""structure_position"": {
""value"": ""At-Grade"",
""confidence"": 0.9
}
}",low (<0.5m),1.0,No railings,1.0,Timber/Wood,1.0,few (<10),1.0,At-Grade,0.9,False
47184,2026-05-20T14:10:47.283628,gemma-4-26b-a4b-it,"{
    ""fall_height"": {
        ""value"": ""high (>1.2m)"",
        ""confidence"": 0.9
    },
    ""has_pedestrian_railing"": {
        ""value"": ""2 railings"",
        ""confidence"": 1.0
    },
    ""material_frame_tank_body"": {
        ""value"": ""Timber/Wood"",
        ""confidence"": 1.0
    },
    ""number_of_steps"": {
        ""value"": ""many (>20)"",
        ""confidence"": 0.9
    },
    ""structure_position"": {
        ""value"": ""Other"",
        ""confidence"": 0.8
    }
}",high (>1.2m),0.9,2 railings,1.0,Timber/Wood,1.0,many (>20),0.9,Other,0.8,False
48269,2026-05-20T14:11:13.220347,gemma-4-26b-a4b-it,"{
    ""fall_height"": {
        ""value"": ""low (<0.5m)"",
        ""confidence"": 0.95
    },
    ""has_pedestrian_railing"": {
        ""value"": ""No railings"",
        ""confidence"": 0.98
    },
    ""material_frame_tank_body"": {
        ""value"": ""Timber/Wood"",
        ""confidence"": 0.98
    },
    ""number_of_steps"": {
        ""value"": ""few (<10)"",
        ""confidence"": 0.98
    },
    ""structure_position"": {
        ""value"": ""At-Grade"",
        ""confidence"": 0.95
    }
}",low (<0.5m),0.95,No railings,0.98,Timber/Wood,0.98,few (<10),0.98,At-Grade,0.95,False
48347,2026-05-20T14:12:15.678938,gemma-4-26b-a4b-it,"{
""fall_height"": {
""value"": ""high (>1.2m)"",
""confidence"": 0.8
},
""has_pedestrian_railing"": {
""value"": ""No railings"",
""confidence"": 1.0
},
""material_frame_tank_body"": {
""value"": ""Timber/Wood"",
""confidence"": 1.0
},
""number_of_steps"": {
""value"": ""medium (10-20)"",
""confidence"": 0.9
},
""structure_position"": {
""value"": ""At-Grade"",
""confidence"": 0.9
}
}",high (>1.2m),0.8,No railings,1.0,Timber/Wood,1.0,medium (10-20),0.9,At-Grade,0.9,False
48394,2026-05-20T14:12:46.187628,gemma-4-26b-a4b-it,"{
    ""fall_height"": {
        ""value"": ""low (<0.5m)"",
        ""confidence"": 0.9
    },
    ""has_pedestrian_railing"": {
        ""value"": ""No railings"",
        ""confidence"": 1.0
    },
    ""material_frame_tank_body"": {
        ""value"": ""Concrete"",
        ""confidence"": 1.0
    },
    ""number_of_steps"": {
        ""value"": ""few (<10)"",
        ""confidence"": 1.0
    },
    ""structure_position"": {
        ""value"": ""At-Grade"",
        ""confidence"": 0.9
    }
}",low (<0.5m),0.9,No railings,1.0,Concrete,1.0,few (<10),1.0,At-Grade,0.9,False
48395,2026-05-20T14:13:28.030623,gemma-4-26b-a4b-it,"{
    ""fall_height"": {
        ""value"": ""medium (0.5-1.2m)"",
        ""confidence"": 0.7
    },
    ""has_pedestrian_railing"": {
        ""value"": ""1 railing"",
        ""confidence"": 1.0
    },
    ""material_frame_tank_body"": {
        ""value"": ""Concrete"",
        ""confidence"": 0.9
    },
    ""number_of_steps"": {
        ""value"": ""few (<10)"",
        ""confidence"": 0.8
    },
    ""structure_position"": {
        ""value"": ""At-Grade"",
        ""confidence"": 0.7
    }
}",,0.7,1 railing,1.0,Concrete,0.9,few (<10),0.8,At-Grade,0.7,False
48799,2026-05-20T14:14:31.133544,gemma-4-26b-a4b-it,"{
    ""fall_height"": {
        ""value"": """",
        ""confidence"": 0.5
    },
    ""has_pedestrian_railing"": {
        ""value"": ""1 railing"",
        ""confidence"": 1.0
    },
    ""material_frame_tank_body"": {
        ""value"": ""Timber/Wood"",
        ""confidence"": 0.95
    },
    ""number_of_steps"": {
        ""value"": ""medium (10-20)"",
        ""confidence"": 0.8
    },
    ""structure_position"": {
        ""value"": ""At-Grade"",
        ""confidence"": 0.8
    }
}",,0.5,1 railing,1.0,Timber/Wood,0.95,medium (10-20),0.8,At-Grade,0.8,False
48937,2026-05-20T14:14:50.293419,gemma-4-26b-a4b-it,"{
    ""fall_height"": {
        ""value"": ""low (<0.5m)"",
        ""confidence"": 0.9
    },
    ""has_pedestrian_railing"": {
        ""value"": ""No railings"",
        ""confidence"": 1.0
    },
    ""material_frame_tank_body"": {
        ""value"": ""Concrete"",
        ""confidence"": 1.0
    },
    ""number_of_steps"": {
        ""value"": ""few (<10)"",
        ""confidence"": 1.0
    },
    ""structure_position"": {
        ""value"": ""At-Grade"",
        ""confidence"": 0.9
    }
}",low (<0.5m),0.9,No railings,1.0,Concrete,1.0,few (<10),1.0,At-Grade,0.9,False
49501,2026-05-20T14:15:40.835936,gemma-4-26b-a4b-it,"```json
{
    ""fall_height"": {
        ""value"": ""low (<0.5m)"",
        ""confidence"": 0.8
    },
    ""has_pedestrian_railing"": {
        ""value"": ""No railings"",
        ""confidence"": 1.0
    },
    ""material_frame_tank_body"": {
        ""value"": ""Concrete"",
        ""confidence"": 0.8
    },
    ""number_of_steps"": {
        ""value"": ""many (>20)"",
        ""confidence"": 0.7
    },
    ""structure_position"": {
        ""value"": ""At-Grade"",
        ""confidence"": 0.9
    }
}
```",low (<0.5m),0.8,No railings,1.0,Concrete,0.8,many (>20),0.7,At-Grade,0.9,False
49525,2026-05-20T14:16:22.927095,gemma-4-26b-a4b-it,"{
    ""fall_height"": {
        ""value"": ""high (>1.2m)"",
        ""confidence"": 0.8
    },
    ""has_pedestrian_railing"": {
        ""value"": ""1 railing"",
        ""confidence"": 0.95
    },
    ""material_frame_tank_body"": {
        ""value"": ""Timber/Wood"",
        ""confidence"": 1.0
    },
    ""number_of_steps"": {
        ""value"": ""medium (10-20)"",
        ""confidence"": 0.7
    },
    ""structure_position"": {
        ""value"": ""Elevated"",
        ""confidence"": 0.8
    }
}",high (>1.2m),0.8,1 railing,0.95,Timber/Wood,1.0,medium (10-20),0.7,Elevated,0.8,False
49702,2026-05-20T14:17:41.091618,gemma-4-26b-a4b-it,"```json
{
    ""fall_height"": {
        ""value"": ""high (>1.2m)"",
        ""confidence"": 0.8
    },
    ""has_pedestrian_railing"": {
        ""value"": ""2 railings"",
        ""confidence"": 1.0
    },
    ""material_frame_tank_body"": {
        ""value"": ""Timber/Wood"",
        ""confidence"": 0.9
    },
    ""number_of_steps"": {
        ""value"": ""many (>20)"",
        ""confidence"": 0.9
    },
    ""structure_position"": {
        ""value"": ""Elevated"",
        ""confidence"": 0.7
    }
}
```",high (>1.2m),0.8,2 railings,1.0,Timber/Wood,0.9,many (>20),0.9,Elevated,0.7,False
49703,2026-05-20T14:18:45.165144,gemma-4-26b-a4b-it,"{
""fall_height"": {
""value"": ""high (>1.2m)"",
""confidence"": 0.7
},
""has_pedestrian_railing"": {
""value"": ""No railings"",
""confidence"": 1.0
},
""material_frame_tank_body"": {
""value"": ""Timber/Wood"",
""confidence"": 1.0
},
""number_of_steps"": {
""value"": ""medium (10-20)"",
""confidence"": 0.9
},
""structure_position"": {
""value"": ""At-Grade"",
""confidence"": 0.9
}
}",high (>1.2m),0.7,No railings,1.0,Timber/Wood,1.0,medium (10-20),0.9,At-Grade,0.9,False
49704,2026-05-20T14:19:40.542018,gemma-4-26b-a4b-it,"{
    ""fall_height"": {
        ""value"": ""high (>1.2m)"",
        ""confidence"": 0.7
    },
    ""has_pedestrian_railing"": {
        ""value"": ""1 railing"",
        ""confidence"": 1.0
    },
    ""material_frame_tank_body"": {
        ""value"": ""Timber/Wood"",
        ""confidence"": 1.0
    },
    ""number_of_steps"": {
        ""value"": ""medium (10-20)"",
        ""confidence"": 0.9
    },
    ""structure_position"": {
        ""value"": ""At-Grade"",
        ""confidence"": 0.8
    }
}",high (>1.2m),0.7,1 railing,1.0,Timber/Wood,1.0,medium (10-20),0.9,At-Grade,0.8,False
49705,2026-05-20T14:20:35.839186,gemma-4-26b-a4b-it,"{
    ""fall_height"": {
        ""value"": ""high (>1.2m)"",
        ""confidence"": 0.7
    },
    ""has_pedestrian_railing"": {
        ""value"": ""No railings"",
        ""confidence"": 0.95
    },
    ""material_frame_tank_body"": {
        ""value"": ""Timber/Wood"",
        ""confidence"": 0.95
    },
    ""number_of_steps"": {
        ""value"": ""many (>20)"",
        ""confidence"": 0.9
    },
    ""structure_position"": {
        ""value"": ""At-Grade"",
        ""confidence"": 0.8
    }
}",high (>1.2m),0.7,No railings,0.95,Timber/Wood,0.95,many (>20),0.9,At-Grade,0.8,False
49707,2026-05-20T14:21:35.779150,gemma-4-26b-a4b-it,"{
    ""fall_height"": {
    ""value"": ""high (>1.2m)"",
    ""confidence"": 0.9
    },
    ""has_pedestrian_railing"": {
    ""value"": ""2 railings"",
    ""confidence"": 0.8
    },
    ""material_frame_tank_body"": {
    ""value"": ""Timber/Wood"",
    ""confidence"": 1.0
    },
    ""number_of_steps"": {
    ""value"": ""many (>20)"",
    ""confidence"": 0.9
    },
    ""structure_position"": {
    ""value"": ""At-Grade"",
    ""confidence"": 0.7
    }
}",high (>1.2m),0.9,2 railings,0.8,Timber/Wood,1.0,many (>20),0.9,At-Grade,0.7,False
49710,2026-05-20T14:22:45.072613,gemma-4-26b-a4b-it,"{
    ""fall_height"": {
        ""value"": ""high (>1.2m)"",
        ""confidence"": 0.8
    },
    ""has_pedestrian_railing"": {
        ""value"": ""1 railing"",
        ""confidence"": 0.95
    },
    ""material_frame_tank_body"": {
        ""value"": ""Timber/Wood"",
        ""confidence"": 1.0
    },
    ""number_of_steps"": {
        ""value"": ""medium (10-20)"",
        ""confidence"": 0.8
    },
    ""structure_position"": {
        ""value"": ""At-Grade"",
        ""confidence"": 0.85
    }
}",high (>1.2m),0.8,1 railing,0.95,Timber/Wood,1.0,medium (10-20),0.8,At-Grade,0.85,False
49711,2026-05-20T14:23:16.451238,gemma-4-26b-a4b-it,,,,,,,,,,,,True
50514,2026-05-20T14:24:10.611295,gemma-4-26b-a4b-it,"{
""fall_height"": {
""value"": """",
""confidence"": 0.5
},
""has_pedestrian_railing"": {
""value"": ""No railings"",
""confidence"": 1.0
},
""material_frame_tank_body"": {
""value"": ""Timber/Wood"",
""confidence"": 1.0
},
""number_of_steps"": {
""value"": ""medium (10-20)"",
""confidence"": 0.8
},
""structure_position"": {
""value"": ""At-Grade"",
""confidence"": 0.9
}
}",,0.5,No railings,1.0,Timber/Wood,1.0,medium (10-20),0.8,At-Grade,0.9,False
50723,2026-05-20T14:24:58.517227,gemma-4-26b-a4b-it,"```json
{
    ""fall_height"": {
        ""value"": ""low (<0.5m)"",
        ""confidence"": 0.8
    },
    ""has_pedestrian_railing"": {
        ""value"": ""No railings"",
        ""confidence"": 1.0
    },
    ""material_frame_tank_body"": {
        ""value"": ""Concrete"",
        ""confidence"": 1.0
    },
    ""number_of_steps"": {
        ""value"": ""few (<10)"",
        ""confidence"": 1.0
    },
    ""structure_position"": {
        ""value"": ""At-Grade"",
        ""confidence"": 0.9
    }
}
```",low (<0.5m),0.8,No railings,1.0,Concrete,1.0,few (<10),1.0,At-Grade,0.9,False
50805,2026-05-20T14:25:31.175979,gemma-4-26b-a4b-it,"```json
{
    ""fall_height"": {
        ""value"": ""low (<0.5m)"",
        ""confidence"": 0.7
    },
    ""has_pedestrian_railing"": {
        ""value"": ""2 railings"",
        ""confidence"": 1.0
    },
    ""material_frame_tank_body"": {
        ""value"": ""Timber/Wood"",
        ""confidence"": 0.9
    },
    ""number_of_steps"": {
        ""value"": ""few (<10)"",
        ""confidence"": 1.0
    },
    ""structure_position"": {
        ""value"": ""At-Grade"",
        ""confidence"": 0.9
    }
}
```",low (<0.5m),0.7,2 railings,1.0,Timber/Wood,0.9,few (<10),1.0,At-Grade,0.9,False
51270,2026-05-20T14:25:50.978729,gemma-4-26b-a4b-it,"{
    ""fall_height"": {
        ""value"": ""high (>1.2m)"",
        ""confidence"": 0.9
    },
    ""has_pedestrian_railing"": {
        ""value"": ""2 railings"",
        ""confidence"": 1.0
    },
    ""material_frame_tank_body"": {
        ""value"": ""Timber/Wood"",
        ""confidence"": 1.0
    },
    ""number_of_steps"": {
        ""value"": ""medium (10-20)"",
        ""confidence"": 0.85
    },
    ""structure_position"": {
        ""value"": ""Elevated"",
        ""confidence"": 1.0
    }
}",high (>1.2m),0.9,2 railings,1.0,Timber/Wood,1.0,medium (10-20),0.85,Elevated,1.0,False
51458,2026-05-20T14:26:31.190225,gemma-4-26b-a4b-it,"{
    ""fall_height"": {
        ""value"": ""low (<0.5m)"",
        ""confidence"": 0.7
    },
    ""has_pedestrian_railing"": {
        ""value"": ""No railings"",
        ""confidence"": 1.0
    },
    ""material_frame_tank_body"": {
        ""value"": ""Concrete"",
        ""confidence"": 1.0
    },
    ""number_of_steps"": {
        ""value"": ""few (<10)"",
        ""confidence"": 1.0
    },
    ""structure_position"": {
        ""value"": ""At-Grade"",
        ""confidence"": 0.9
    }
}",low (<0.5m),0.7,No railings,1.0,Concrete,1.0,few (<10),1.0,At-Grade,0.9,False
51536,2026-05-20T14:26:32.957648,gemma-4-26b-a4b-it,,,,,,,,,,,,True
51537,2026-05-20T14:27:12.182064,gemma-4-26b-a4b-it,"```json
{
    ""fall_height"": {
        ""value"": """",
        ""confidence"": 0.7
    },
    ""has_pedestrian_railing"": {
        ""value"": ""2 railings"",
        ""confidence"": 1.0
    },
    ""material_frame_tank_body"": {
        ""value"": ""Timber/Wood"",
        ""confidence"": 1.0
    },
    ""number_of_steps"": {
        ""value"": ""many (>20)"",
        ""confidence"": 0.9
    },
    ""structure_position"": {
        ""value"": ""Elevated"",
        ""confidence"": 0.8
    }
}
```",,0.7,2 railings,1.0,Timber/Wood,1.0,many (>20),0.9,Elevated,0.8,False
51545,2026-05-20T14:27:49.185580,gemma-4-26b-a4b-it,"{
    ""fall_height"": {
        ""value"": ""high (>1.2m)"",
        ""confidence"": 0.9
    },
    ""has_pedestrian_railing"": {
        ""value"": ""2 railings"",
        ""confidence"": 1.0
    },
    ""material_frame_tank_body"": {
        ""value"": ""Metal"",
        ""confidence"": 0.9
    },
    ""number_of_steps"": {
        ""value"": ""many (>20)"",
        ""confidence"": 0.85
    },
    ""structure_position"": {
        ""value"": ""Elevated"",
        ""confidence"": 0.9
    }
}",high (>1.2m),0.9,2 railings,1.0,Metal,0.9,many (>20),0.85,Elevated,0.9,False
51695,2026-05-20T14:28:14.556175,gemma-4-26b-a4b-it,"{
    ""fall_height"": {
        ""value"": """",
        ""confidence"": 0.7
    },
    ""has_pedestrian_railing"": {
        ""value"": ""No railings"",
        ""confidence"": 0.95
    },
    ""material_frame_tank_body"": {
        ""value"": ""Concrete"",
        ""confidence"": 0.85
    },
    ""number_of_steps"": {
        ""value"": ""few (<10)"",
        ""confidence"": 0.95
    },
    ""structure_position"": {
        ""value"": ""At-Grade"",
        ""confidence"": 0.8
    }
}",,0.7,No railings,0.95,Concrete,0.85,few (<10),0.95,At-Grade,0.8,False
51804,2026-05-20T14:29:05.622509,gemma-4-26b-a4b-it,"{
    ""fall_height"": {
        ""value"": ""high (>1.2m)"",
        ""confidence"": 0.9
    },
    ""has_pedestrian_railing"": {
        ""value"": ""No railings"",
        ""confidence"": 0.95
    },
    ""material_frame_tank_body"": {
        ""value"": ""Concrete"",
        ""confidence"": 0.95
    },
    ""number_of_steps"": {
        ""value"": ""medium (10-20)"",
        ""confidence"": 0.9
    },
    ""structure_position"": {
        ""value"": ""At-Grade"",
        ""confidence"": 0.9
    }
}",high (>1.2m),0.9,No railings,0.95,Concrete,0.95,medium (10-20),0.9,At-Grade,0.9,False
51805,2026-05-20T14:29:32.971892,gemma-4-26b-a4b-it,"{
    ""fall_height"": {
        ""value"": ""unable to determine"",
        ""confidence"": 0.0
    },
    ""has_pedestrian_railing"": {
        ""value"": ""unable to determine"",
        ""confidence"": 0.0
    },
    ""material_frame_tank_body"": {
        ""value"": ""unable to determine"",
        ""confidence"": 0.0
    },
    ""number_of_steps"": {
        ""value"": ""unable to determine"",
        ""confidence"": 0.0
    },
    ""structure_position"": {
        ""value"": ""unable to determine"",
        ""confidence"": 0.0
    }
}",unable to determine,0.0,unable to determine,0.0,unable to determine,0.0,unable to determine,0.0,unable to determine,0.0,False
52162,2026-05-20T14:30:19.782370,gemma-4-26b-a4b-it,"{
    ""fall_height"": {
        ""value"": ""low (<0.5m)"",
        ""confidence"": 0.9
    },
    ""has_pedestrian_railing"": {
        ""value"": ""No railings"",
        ""confidence"": 1.0
    },
    ""material_frame_tank_body"": {
        ""value"": ""Timber/Wood"",
        ""confidence"": 1.0
    },
    ""number_of_steps"": {
        ""value"": ""medium (10-20)"",
        ""confidence"": 0.8
    },
    ""structure_position"": {
        ""value"": ""At-Grade"",
        ""confidence"": 0.9
    }
}",low (<0.5m),0.9,No railings,1.0,Timber/Wood,1.0,medium (10-20),0.8,At-Grade,0.9,False
52248,2026-05-20T14:31:32.957881,gemma-4-26b-a4b-it,"```json
{
    ""fall_height"": {
        ""value"": ""high (>1.2m)"",
        ""confidence"": 0.8
    },
    ""has_pedestrian_railing"": {
        ""value"": ""2 railings"",
        ""confidence"": 0.95
    },
    ""material_frame_tank_body"": {
        ""value"": ""Timber/Wood"",
        ""confidence"": 1.0
    },
    ""number_of_steps"": {
        ""value"": ""many (>20)"",
        ""confidence"": 0.7
    },
    ""structure_position"": {
        ""value"": ""At-Grade"",
        ""confidence"": 0.7
    }
}
```",high (>1.2m),0.8,2 railings,0.95,Timber/Wood,1.0,many (>20),0.7,At-Grade,0.7,False
52621,2026-05-20T14:32:10.929937,gemma-4-26b-a4b-it,"{
    ""fall_height"": {
        ""value"": ""low (<0.5m)"",
        ""confidence"": 0.9
    },
    ""has_pedestrian_railing"": {
        ""value"": ""2 railings"",
        ""confidence"": 0.95
    },
    ""material_frame_tank_body"": {
        ""value"": ""Timber/Wood"",
        ""confidence"": 1.0
    },
    ""number_of_steps"": {
        ""value"": ""few (<10)"",
        ""confidence"": 0.8
    },
    ""structure_position"": {
        ""value"": ""At-Grade"",
        ""confidence"": 0.8
    }
}",low (<0.5m),0.9,2 railings,0.95,Timber/Wood,1.0,few (<10),0.8,At-Grade,0.8,False
52622,2026-05-20T14:32:42.672756,gemma-4-26b-a4b-it,"{
    ""fall_height"": {
        ""value"": ""low (<0.5m)"",
        ""confidence"": 0.9
    },
    ""has_pedestrian_railing"": {
        ""value"": ""2 railings"",
        ""confidence"": 1.0
    },
    ""material_frame_tank_body"": {
        ""value"": ""Timber/Wood"",
        ""confidence"": 0.95
    },
    ""number_of_steps"": {
        ""value"": ""few (<10)"",
        ""confidence"": 0.95
    },
    ""structure_position"": {
        ""value"": ""At-Grade"",
        ""confidence"": 0.8
    }
}",low (<0.5m),0.9,2 railings,1.0,Timber/Wood,0.95,few (<10),0.95,At-Grade,0.8,False
52952,2026-05-20T14:33:51.150745,gemma-4-26b-a4b-it,"{
    ""fall_height"": {
        ""value"": ""high (>1.2m)"",
        ""confidence"": 0.8
    },
    ""has_pedestrian_railing"": {
        ""value"": ""2 railings"",
        ""confidence"": 1.0
    },
    ""material_frame_tank_body"": {
        ""value"": ""Timber/Wood"",
        ""confidence"": 1.0
    },
    ""number_of_steps"": {
        ""value"": ""many (>20)"",
        ""confidence"": 0.9
    },
    ""structure_position"": {
        ""value"": ""At-Grade"",
        ""confidence"": 0.7
    }
}",high (>1.2m),0.8,2 railings,1.0,Timber/Wood,1.0,many (>20),0.9,At-Grade,0.7,False
53110,2026-05-20T14:35:07.733648,gemma-4-26b-a4b-it,"{
    ""fall_height"": {
    ""value"": ""low (<0.5m)"",
    ""confidence"": 0.7
    },
    ""has_pedestrian_railing"": {
    ""value"": ""No railings"",
    ""confidence"": 0.95
    },
    ""material_frame_tank_body"": {
    ""value"": ""Timber/Wood"",
    ""confidence"": 0.9
    },
    ""number_of_steps"": {
    ""value"": ""medium (10-20)"",
    ""confidence"": 0.8
    },
    ""structure_position"": {
    ""value"": ""At-Grade"",
    ""confidence"": 0.9
    }
}",low (<0.5m),0.7,No railings,0.95,Timber/Wood,0.9,medium (10-20),0.8,At-Grade,0.9,False
53111,2026-05-20T14:35:36.009607,gemma-4-26b-a4b-it,"{
    ""fall_height"": {
        ""value"": ""low (<0.5m)"",
        ""confidence"": 0.9
    },
    ""has_pedestrian_railing"": {
        ""value"": ""No railings"",
        ""confidence"": 1.0
    },
    ""material_frame_tank_body"": {
        ""value"": ""Timber/Wood"",
        ""confidence"": 1.0
    },
    ""number_of_steps"": {
        ""value"": ""few (<10)"",
        ""confidence"": 0.9
    },
    ""structure_position"": {
        ""value"": ""At-Grade"",
        ""confidence"": 0.9
    }
}",low (<0.5m),0.9,No railings,1.0,Timber/Wood,1.0,few (<10),0.9,At-Grade,0.9,False
53212,2026-05-20T14:36:24.449091,gemma-4-26b-a4b-it,"{
    ""fall_height"": {
        ""value"": ""low (<0.5m)"",
        ""confidence"": 0.7
    },
    ""has_pedestrian_railing"": {
        ""value"": ""No railings"",
        ""confidence"": 1.0
    },
    ""material_frame_tank_body"": {
        ""value"": ""Timber/Wood"",
        ""confidence"": 1.0
    },
    ""number_of_steps"": {
        ""value"": ""medium (10-20)"",
        ""confidence"": 0.9
    },
    ""structure_position"": {
        ""value"": ""At-Grade"",
        ""confidence"": 0.9
    }
}",low (<0.5m),0.7,No railings,1.0,Timber/Wood,1.0,medium (10-20),0.9,At-Grade,0.9,False
53214,2026-05-20T14:37:34.513692,gemma-4-26b-a4b-it,"```json
{
    ""fall_height"": {
        ""value"": ""low (<0.5m)"",
        ""confidence"": 0.8
    },
    ""has_pedestrian_railing"": {
        ""value"": ""1 railing"",
        ""confidence"": 0.95
    },
    ""material_frame_tank_body"": {
        ""value"": ""Concrete"",
        ""confidence"": 0.9
    },
    ""number_of_steps"": {
        ""value"": ""few (<10)"",
        ""confidence"": 0.7
    },
    ""structure_position"": {
        ""value"": ""At-Grade"",
        ""confidence"": 0.9
    }
}
```",low (<0.5m),0.8,1 railing,0.95,Concrete,0.9,few (<10),0.7,At-Grade,0.9,False
53221,2026-05-20T14:38:43.627218,gemma-4-26b-a4b-it,"{
    ""fall_height"": {
        ""value"": ""low (<0.5m)"",
        ""confidence"": 0.9
    },
    ""has_pedestrian_railing"": {
        ""value"": ""No railings"",
        ""confidence"": 0.85
    },
    ""material_frame_tank_body"": {
        ""value"": ""Timber/Wood"",
        ""confidence"": 0.95
    },
    ""number_of_steps"": {
        ""value"": ""few (<10)"",
        ""confidence"": 0.9
    },
    ""structure_position"": {
        ""value"": ""At-Grade"",
        ""confidence"": 0.9
    }
}",low (<0.5m),0.9,No railings,0.85,Timber/Wood,0.95,few (<10),0.9,At-Grade,0.9,False
53222,2026-05-20T14:39:46.726539,gemma-4-26b-a4b-it,"{
    ""fall_height"": {
        ""value"": ""low (<0.5m)"",
        ""confidence"": 0.7
    },
    ""has_pedestrian_railing"": {
        ""value"": ""No railings"",
        ""confidence"": 1.0
    },
    ""material_frame_tank_body"": {
        ""value"": ""Concrete"",
        ""confidence"": 1.0
    },
    ""number_of_steps"": {
        ""value"": ""few (<10)"",
        ""confidence"": 1.0
    },
    ""structure_position"": {
        ""value"": ""At-Grade"",
        ""confidence"": 0.9
    }
}",low (<0.5m),0.7,No railings,1.0,Concrete,1.0,few (<10),1.0,At-Grade,0.9,False
53428,2026-05-20T14:40:52.697617,gemma-4-26b-a4b-it,"{
    ""fall_height"": {
    ""value"": """",
    ""confidence"": 0.5
    },
    ""has_pedestrian_railing"": {
    ""value"": ""No railings"",
    ""confidence"": 1.0
    },
    ""material_frame_tank_body"": {
    ""value"": ""Concrete"",
    ""confidence"": 1.0
    },
    ""number_of_steps"": {
    ""value"": ""medium (10-20)"",
    ""confidence"": 0.8
    },
    ""structure_position"": {
    ""value"": ""At-Grade"",
    ""confidence"": 1.0
    }
}",,0.5,No railings,1.0,Concrete,1.0,medium (10-20),0.8,At-Grade,1.0,False
53688,2026-05-20T14:41:48.546191,gemma-4-26b-a4b-it,"{
    ""fall_height"": {
        ""value"": ""low (<0.5m)"",
        ""confidence"": 0.7
    },
    ""has_pedestrian_railing"": {
        ""value"": ""No railings"",
        ""confidence"": 1.0
    },
    ""material_frame_tank_body"": {
        ""value"": ""Concrete"",
        ""confidence"": 1.0
    },
    ""number_of_steps"": {
        ""value"": ""few (<10)"",
        ""confidence"": 1.0
    },
    ""structure_position"": {
        ""value"": ""At-Grade"",
        ""confidence"": 1.0
    }
}",low (<0.5m),0.7,No railings,1.0,Concrete,1.0,few (<10),1.0,At-Grade,1.0,False
53805,2026-05-20T14:42:30.203101,gemma-4-26b-a4b-it,"{
    ""fall_height"": {
        ""value"": """",
        ""confidence"": 0.7
    },
    ""has_pedestrian_railing"": {
        ""value"": ""1 railing"",
        ""confidence"": 1.0
    },
    ""material_frame_tank_body"": {
        ""value"": ""Rock/Stone"",
        ""confidence"": 1.0
    },
    ""number_of_steps"": {
        ""value"": ""few (<10)"",
        ""confidence"": 0.9
    },
    ""structure_position"": {
        ""value"": ""At-Grade"",
        ""confidence"": 0.9
    }
}",,0.7,1 railing,1.0,Rock/Stone,1.0,few (<10),0.9,At-Grade,0.9,False
53807,2026-05-20T14:43:06.714939,gemma-4-26b-a4b-it,"{
    ""fall_height"": {
        ""value"": ""high (>1.2m)"",
        ""confidence"": 0.8
    },
    ""has_pedestrian_railing"": {
        ""value"": ""1 railing"",
        ""confidence"": 1.0
    },
    ""material_frame_tank_body"": {
        ""value"": ""Concrete"",
        ""confidence"": 1.0
    },
    ""number_of_steps"": {
        ""value"": ""medium (10-20)"",
        ""confidence"": 0.9
    },
    ""structure_position"": {
        ""value"": ""At-Grade"",
        ""confidence"": 0.8
    }
}",high (>1.2m),0.8,1 railing,1.0,Concrete,1.0,medium (10-20),0.9,At-Grade,0.8,False
53808,2026-05-20T14:44:13.802266,gemma-4-26b-a4b-it,"```json
{
    ""fall_height"": {
        ""value"": ""low (<0.5m)"",
        ""confidence"": 0.8
    },
    ""has_pedestrian_railing"": {
        ""value"": ""No railings"",
        ""confidence"": 1.0
    },
    ""material_frame_tank_body"": {
        ""value"": ""Timber/Wood"",
        ""confidence"": 0.9
    },
    ""number_of_steps"": {
        ""value"": ""many (>20)"",
        ""confidence"": 0.9
    },
    ""structure_position"": {
        ""value"": ""At-Grade"",
        ""confidence"": 0.9
    }
}
```",low (<0.5m),0.8,No railings,1.0,Timber/Wood,0.9,many (>20),0.9,At-Grade,0.9,False
54159,2026-05-20T14:45:05.083765,gemma-4-26b-a4b-it,"```json
{
    ""fall_height"": {
        ""value"": ""medium (0.5-1.2m)"",
        ""confidence"": 0.8
    },
    ""has_pedestrian_railing"": {
        ""value"": ""1 railing"",
        ""confidence"": 1.0
    },
    ""material_frame_tank_body"": {
        ""value"": ""Concrete"",
        ""confidence"": 0.9
    },
    ""number_of_steps"": {
        ""value"": ""few (<10)"",
        ""confidence"": 0.95
    },
    ""structure_position"": {
        ""value"": ""At-Grade"",
        ""confidence"": 0.85
    }
}
```",medium (0.5-1.2m),0.8,1 railing,1.0,Concrete,0.9,few (<10),0.95,At-Grade,0.85,False
54208,2026-05-20T14:45:58.752520,gemma-4-26b-a4b-it,"{
    ""fall_height"": {
        ""value"": ""high (>1.2m)"",
        ""confidence"": 0.8
    },
    ""has_pedestrian_railing"": {
        ""value"": ""1 railing"",
        ""confidence"": 1.0
    },
    ""material_frame_tank_body"": {
        ""value"": ""Timber/Wood"",
        ""confidence"": 0.9
    },
    ""number_of_steps"": {
        ""value"": ""medium (10-20)"",
        ""confidence"": 0.8
    },
    ""structure_position"": {
        ""value"": ""Other"",
        ""confidence"": 0.7
    }
}",high (>1.2m),0.8,1 railing,1.0,Timber/Wood,0.9,medium (10-20),0.8,Other,0.7,False
54335,2026-05-20T14:46:47.234535,gemma-4-26b-a4b-it,"{
    ""fall_height"": {
        ""value"": ""medium"",
        ""confidence"": 0.6
    },
    ""has_pedestrian_railing"": {
        ""value"": ""2 railings"",
        ""confidence"": 1.0
    },
    ""material_frame_tank_body"": {
        ""value"": ""Timber/Wood"",
        ""confidence"": 1.0
    },
    ""number_of_steps"": {
        ""value"": ""many (>20)"",
        ""confidence"": 0.9
    },
    ""structure_position"": {
        ""value"": ""At-Grade"",
        ""confidence"": 0.8
    }
}",medium,0.6,2 railings,1.0,Timber/Wood,1.0,many (>20),0.9,At-Grade,0.8,False
54337,2026-05-20T14:47:26.362467,gemma-4-26b-a4b-it,"{
    ""fall_height"": {
        ""value"": ""low (<0.5m)"",
        ""confidence"": 0.8
    },
    ""has_pedestrian_railing"": {
        ""value"": ""No railings"",
        ""confidence"": 1.0
    },
    ""material_frame_tank_body"": {
        ""value"": ""Timber/Wood"",
        ""confidence"": 1.0
    },
    ""number_of_steps"": {
        ""value"": ""medium (10-20)"",
        ""confidence"": 0.8
    },
    ""structure_position"": {
        ""value"": ""At-Grade"",
        ""confidence"": 0.9
    }
}",low (<0.5m),0.8,No railings,1.0,Timber/Wood,1.0,medium (10-20),0.8,At-Grade,0.9,False
54506,2026-05-20T14:47:53.532493,gemma-4-26b-a4b-it,"{
    ""fall_height"": {
        ""value"": ""medium (0.5-1.2m)"",
        ""confidence"": 0.7
    },
    ""has_pedestrian_railing"": {
        ""value"": ""1 railing"",
        ""confidence"": 1.0
    },
    ""material_frame_tank_body"": {
        ""value"": ""Rock/Stone"",
        ""confidence"": 0.95
    },
    ""number_of_steps"": {
        ""value"": ""few (<10)"",
        ""confidence"": 1.0
    },
    ""structure_position"": {
        ""value"": ""At-Grade"",
        ""confidence"": 0.9
    }
}",medium (0.5-1.2m),0.7,1 railing,1.0,Rock/Stone,0.95,few (<10),1.0,At-Grade,0.9,False
55707,2026-05-20T14:48:31.613605,gemma-4-26b-a4b-it,"{
    ""fall_height"": {
        ""value"": ""high (>1.2m)"",
        ""confidence"": 0.9
    },
    ""has_pedestrian_railing"": {
        ""value"": ""2 railings"",
        ""confidence"": 1.0
    },
    ""material_frame_tank_body"": {
        ""value"": ""Timber/Wood"",
        ""confidence"": 1.0
    },
    ""number_of_steps"": {
        ""value"": ""many (>20)"",
        ""confidence"": 0.9
    },
    ""structure_position"": {
        ""value"": ""Elevated"",
        ""confidence"": 0.8
    }
}",high (>1.2m),0.9,2 railings,1.0,Timber/Wood,1.0,many (>20),0.9,Elevated,0.8,False
55708,2026-05-20T14:49:19.532714,gemma-4-26b-a4b-it,"{
    ""fall_height"": {
        ""value"": ""high (>1.2m)"",
        ""confidence"": 0.6
    },
    ""has_pedestrian_railing"": {
        ""value"": ""No railings"",
        ""confidence"": 0.95
    },
    ""material_frame_tank_body"": {
        ""value"": ""Timber/Wood"",
        ""confidence"": 0.95
    },
    ""number_of_steps"": {
        ""value"": ""many (>20)"",
        ""confidence"": 0.85
    },
    ""structure_position"": {
        ""value"": ""At-Grade"",
        ""confidence"": 0.9
    }
}",high (>1.2m),0.6,No railings,0.95,Timber/Wood,0.95,many (>20),0.85,At-Grade,0.9,False
55912,2026-05-20T14:50:10.403357,gemma-4-26b-a4b-it,"{
    ""fall_height"": {
        ""value"": ""high (>1.2m)"",
        ""confidence"": 0.9
    },
    ""has_pedestrian_railing"": {
        ""value"": ""1 railing"",
        ""confidence"": 1.0
    },
    ""material_frame_tank_body"": {
        ""value"": ""Concrete"",
        ""confidence"": 1.0
    },
    ""number_of_steps"": {
        ""value"": ""medium (10-20)"",
        ""confidence"": 0.9
    },
    ""structure_position"": {
        ""value"": ""At-Grade"",
        ""confidence"": 0.7
    }
}",high (>1.2m),0.9,1 railing,1.0,Concrete,1.0,medium (10-20),0.9,At-Grade,0.7,False
56479,2026-05-20T14:51:02.842488,gemma-4-26b-a4b-it,"{
    ""fall_height"": {
        ""value"": ""low (<0.5m)"",
        ""confidence"": 0.9
    },
    ""has_pedestrian_railing"": {
        ""value"": ""No railings"",
        ""confidence"": 1.0
    },
    ""material_frame_tank_body"": {
        ""value"": ""Timber/Wood"",
        ""confidence"": 1.0
    },
    ""number_of_steps"": {
        ""value"": ""medium (10-20)"",
        ""confidence"": 0.8
    },
    ""structure_position"": {
        ""value"": ""At-Grade"",
        ""confidence"": 0.9
    }
}",low (<0.5m),0.9,No railings,1.0,Timber/Wood,1.0,medium (10-20),0.8,At-Grade,0.9,False
56563,2026-05-20T14:52:05.445361,gemma-4-26b-a4b-it,"{
    ""fall_height"": {
        ""value"": ""high (>1.2m)"",
        ""confidence"": 0.8
    },
    ""has_pedestrian_railing"": {
        ""value"": ""1 railing"",
        ""confidence"": 0.95
    },
    ""material_frame_tank_body"": {
        ""value"": ""Timber/Wood"",
        ""confidence"": 0.9
    },
    ""number_of_steps"": {
        ""value"": ""many (>20)"",
        ""confidence"": 0.8
    },
    ""structure_position"": {
        ""value"": ""At-Grade"",
        ""confidence"": 0.9
    }
}",high (>1.2m),0.8,1 railing,0.95,Timber/Wood,0.9,many (>20),0.8,At-Grade,0.9,False
56878,2026-05-20T14:53:04.564705,gemma-4-26b-a4b-it,"{
    ""fall_height"": {
        ""value"": ""high (>1.2m)"",
        ""confidence"": 0.7
    },
    ""has_pedestrian_railing"": {
        ""value"": ""No railings"",
        ""confidence"": 1.0
    },
    ""material_frame_tank_body"": {
        ""value"": ""Timber/Wood"",
        ""confidence"": 1.0
    },
    ""number_of_steps"": {
        ""value"": ""medium (10-20)"",
        ""confidence"": 0.9
    },
    ""structure_position"": {
        ""value"": ""At-Grade"",
        ""confidence"": 0.8
    }
}",high (>1.2m),0.7,No railings,1.0,Timber/Wood,1.0,medium (10-20),0.9,At-Grade,0.8,False
57224,2026-05-20T14:53:52.262398,gemma-4-26b-a4b-it,"{
""fall_height"": {
""value"": ""low (<0.5m)"",
""confidence"": 0.9
},
""has_pedestrian_railing"": {
""value"": ""2 railings"",
""confidence"": 0.8
},
""material_frame_tank_body"": {
""value"": ""Timber/Wood"",
""confidence"": 1.0
},
""number_of_steps"": {
""value"": ""few (<10)"",
""confidence"": 0.9
},
""structure_position"": {
""value"": ""Elevated"",
""confidence"": 0.8
}
}",low (<0.5m),0.9,2 railings,0.8,Timber/Wood,1.0,few (<10),0.9,Elevated,0.8,False
57614,2026-05-20T14:54:29.739644,gemma-4-26b-a4b-it,"{
    ""fall_height"": {
        ""value"": ""high (>1.2m)"",
        ""confidence"": 0.9
    },
    ""has_pedestrian_railing"": {
        ""value"": ""2 railings"",
        ""confidence"": 1.0
    },
    ""material_frame_tank_body"": {
        ""value"": ""Timber/Wood"",
        ""confidence"": 1.0
    },
    ""number_of_steps"": {
        ""value"": ""many (>20)"",
        ""confidence"": 0.9
    },
    ""structure_position"": {
        ""value"": ""Elevated"",
        ""confidence"": 0.8
    }
}",high (>1.2m),0.9,2 railings,1.0,Timber/Wood,1.0,many (>20),0.9,Elevated,0.8,False
57673,2026-05-20T14:55:19.815891,gemma-4-26b-a4b-it,"{
    ""fall_height"": {
        ""value"": ""low (<0.5m)"",
        ""confidence"": 0.5
    },
    ""has_pedestrian_railing"": {
        ""value"": ""No railings"",
        ""confidence"": 0.95
    },
    ""material_frame_tank_body"": {
        ""value"": ""Concrete"",
        ""confidence"": 0.8
    },
    ""number_of_steps"": {
        ""value"": ""few (<10)"",
        ""confidence"": 0.9
    },
    ""structure_position"": {
        ""value"": ""At-Grade"",
        ""confidence"": 0.9
    }
}",low (<0.5m),0.5,No railings,0.95,Concrete,0.8,few (<10),0.9,At-Grade,0.9,False
57674,2026-05-20T14:55:50.640285,gemma-4-26b-a4b-it,"```json
{
    ""fall_height"": {
        ""value"": ""low (<0.5m)"",
        ""confidence"": 0.8
    },
    ""has_pedestrian_railing"": {
        ""value"": ""No railings"",
        ""confidence"": 1.0
    },
    ""material_frame_tank_body"": {
        ""value"": ""Timber/Wood"",
        ""confidence"": 0.9
    },
    ""number_of_steps"": {
        ""value"": ""medium (10-20)"",
        ""confidence"": 0.85
    },
    ""structure_position"": {
        ""value"": ""At-Grade"",
        ""confidence"": 0.9
    }
}
```",low (<0.5m),0.8,No railings,1.0,Timber/Wood,0.9,medium (10-20),0.85,At-Grade,0.9,False
58180,2026-05-20T14:56:27.221673,gemma-4-26b-a4b-it,"{
    ""fall_height"": {
        ""value"": ""medium (0.5-1.2m)"",
        ""confidence"": 0.7
    },
    ""has_pedestrian_railing"": {
        ""value"": ""No railings"",
        ""confidence"": 1.0
    },
    ""material_frame_tank_body"": {
        ""value"": ""Timber/Wood"",
        ""confidence"": 1.0
    },
    ""number_of_steps"": {
        ""value"": ""few (<10)"",
        ""confidence"": 1.0
    },
    ""structure_position"": {
        ""value"": ""At-Grade"",
        ""confidence"": 0.9
    }
}",medium (0.5-1.2m),0.7,No railings,1.0,Timber/Wood,1.0,few (<10),1.0,At-Grade,0.9,False
58182,2026-05-20T14:57:34.489896,gemma-4-26b-a4b-it,"{
    ""fall_height"": {
        ""value"": ""medium (0.5-1.2m)"",
        ""confidence"": 0.8
    },
    ""has_pedestrian_railing"": {
        ""value"": ""2 railings"",
        ""confidence"": 1.0
    },
    ""material_frame_tank_body"": {
        ""value"": ""Concrete"",
        ""confidence"": 1.0
    },
    ""number_of_steps"": {
        ""value"": ""few (<10)"",
        ""confidence"": 1.0
    },
    ""structure_position"": {
        ""value"": ""At-Grade"",
        ""confidence"": 0.7
    }
}",medium (0.5-1.2m),0.8,2 railings,1.0,Concrete,1.0,few (<10),1.0,At-Grade,0.7,False
60066,2026-05-20T14:58:17.757514,gemma-4-26b-a4b-it,"{
    ""fall_height"": {
        ""value"": ""low (<0.5m)"",
        ""confidence"": 0.8
    },
    ""has_pedestrian_railing"": {
        ""value"": ""No railings"",
        ""confidence"": 0.95
    },
    ""material_frame_tank_body"": {
        ""value"": ""Concrete"",
        ""confidence"": 0.85
    },
    ""number_of_steps"": {
        ""value"": ""few (<10)"",
        ""confidence"": 0.95
    },
    ""structure_position"": {
        ""value"": ""At-Grade"",
        ""confidence"": 0.7
    }
}",low (<0.5m),0.8,No railings,0.95,Concrete,0.85,few (<10),0.95,At-Grade,0.7,False
60443,2026-05-20T14:59:03.580781,gemma-4-26b-a4b-it,"{
    ""fall_height"": {
        ""value"": ""high (>1.2m)"",
        ""confidence"": 0.8
    },
    ""has_pedestrian_railing"": {
        ""value"": ""1 railing"",
        ""confidence"": 1.0
    },
    ""material_frame_tank_body"": {
        ""value"": ""Concrete"",
        ""confidence"": 1.0
    },
    ""number_of_steps"": {
        ""value"": ""medium (10-20)"",
        ""confidence"": 0.9
    },
    ""structure_position"": {
        ""value"": ""At-Grade"",
        ""confidence"": 0.9
    }
}",high (>1.2m),0.8,1 railing,1.0,Concrete,1.0,medium (10-20),0.9,At-Grade,0.9,False
60444,2026-05-20T15:00:00.907264,gemma-4-26b-a4b-it,"{
    ""fall_height"": {
        ""value"": ""high (>1.2m)"",
        ""confidence"": 0.8
    },
    ""has_pedestrian_railing"": {
        ""value"": ""1 railing"",
        ""confidence"": 1.0
    },
    ""material_frame_tank_body"": {
        ""value"": ""Concrete"",
        ""confidence"": 0.95
    },
    ""number_of_steps"": {
        ""value"": ""medium (10-20)"",
        ""confidence"": 0.85
    },
    ""structure_position"": {
        ""value"": ""At-Grade"",
        ""confidence"": 0.8
    }
}",high (>1.2m),0.8,1 railing,1.0,Concrete,0.95,medium (10-20),0.85,At-Grade,0.8,False
61221,2026-05-20T15:00:51.536820,gemma-4-26b-a4b-it,"{
    ""fall_height"": {
        ""value"": ""medium (0.5-1.2m)"",
        ""confidence"": 0.7
    },
    ""has_pedestrian_railing"": {
        ""value"": ""1 railing"",
        ""confidence"": 0.9
    },
    ""material_frame_tank_body"": {
        ""value"": ""Timber/Wood"",
        ""confidence"": 0.9
    },
    ""number_of_steps"": {
        ""value"": ""few (<10)"",
        ""confidence"": 1.0
    },
    ""structure_position"": {
        ""value"": ""At-Grade"",
        ""confidence"": 0.8
    }
}",medium (0.5-1.2m),0.7,1 railing,0.9,Timber/Wood,0.9,few (<10),1.0,At-Grade,0.8,False
61611,2026-05-20T15:01:27.918937,gemma-4-26b-a4b-it,"{
    ""fall_height"": {
        ""value"": ""high (>1.2m)"",
        ""confidence"": 0.9
    },
    ""has_pedestrian_railing"": {
        ""value"": ""No railings"",
        ""confidence"": 1.0
    },
    ""material_frame_tank_body"": {
        ""value"": ""Rock/Stone"",
        ""confidence"": 0.9
    },
    ""number_of_steps"": {
        ""value"": ""many (>20)"",
        ""confidence"": 0.9
    },
    ""structure_position"": {
        ""value"": ""At-Grade"",
        ""confidence"": 0.8
    }
}",high (>1.2m),0.9,No railings,1.0,Rock/Stone,0.9,many (>20),0.9,At-Grade,0.8,False
61846,2026-05-20T15:02:47.012628,gemma-4-26b-a4b-it,"```json
{
    ""fall_height"": {
        ""value"": ""low (<0.5m)"",
        ""confidence"": 0.8
    },
    ""has_pedestrian_railing"": {
        ""value"": ""No railings"",
        ""confidence"": 1.0
    },
    ""material_frame_tank_body"": {
        ""value"": ""Timber/Wood"",
        ""confidence"": 1.0
    },
    ""number_of_steps"": {
        ""value"": ""few (<10)"",
        ""confidence"": 1.0
    },
    ""structure_position"": {
        ""value"": ""At-Grade"",
        ""confidence"": 0.9
    }
}
```",low (<0.5m),0.8,No railings,1.0,Timber/Wood,1.0,few (<10),1.0,At-Grade,0.9,False
61933,2026-05-20T15:03:40.534535,gemma-4-26b-a4b-it,"{
    ""fall_height"": {
        ""value"": ""high (>1.2m)"",
        ""confidence"": 0.6
    },
    ""has_pedestrian_railing"": {
        ""value"": ""2 railings"",
        ""confidence"": 1.0
    },
    ""material_frame_tank_body"": {
        ""value"": ""Timber/Wood"",
        ""confidence"": 1.0
    },
    ""number_of_steps"": {
        ""value"": ""few (<10)"",
        ""confidence"": 0.7
    },
    ""structure_position"": {
        ""value"": ""Elevated"",
        ""confidence"": 0.7
    }
}",high (>1.2m),0.6,2 railings,1.0,Timber/Wood,1.0,few (<10),0.7,Elevated,0.7,False
61959,2026-05-20T15:04:36.844590,gemma-4-26b-a4b-it,"{
    ""fall_height"": {
        ""value"": ""high (>1.2m)"",
        ""confidence"": 0.9
    },
    ""has_pedestrian_railing"": {
        ""value"": ""No railings"",
        ""confidence"": 0.9
    },
    ""material_frame_tank_body"": {
        ""value"": ""Aluminum"",
        ""confidence"": 1.0
    },
    ""number_of_steps"": {
        ""value"": ""medium (10-20)"",
        ""confidence"": 0.9
    },
    ""structure_position"": {
        ""value"": ""Other"",
        ""confidence"": 0.8
    }
}",high (>1.2m),0.9,No railings,0.9,Aluminum,1.0,medium (10-20),0.9,Other,0.8,False
62338,2026-05-20T15:05:17.864607,gemma-4-26b-a4b-it,"{
    ""fall_height"": {
        ""value"": ""low (<0.5m)"",
        ""confidence"": 0.9
    },
    ""has_pedestrian_railing"": {
        ""value"": ""No railings"",
        ""confidence"": 1.0
    },
    ""material_frame_tank_body"": {
        ""value"": ""Timber/Wood"",
        ""confidence"": 0.95
    },
    ""number_of_steps"": {
        ""value"": ""medium (10-20)"",
        ""confidence"": 0.85
    },
    ""structure_position"": {
        ""value"": ""At-Grade"",
        ""confidence"": 0.95
    }
}",low (<0.5m),0.9,No railings,1.0,Timber/Wood,0.95,medium (10-20),0.85,At-Grade,0.95,False
62365,2026-05-20T15:05:59.115522,gemma-4-26b-a4b-it,"{
    ""fall_height"": {
        ""value"": ""medium (0.5-1.2m)"",
        ""confidence"": 0.5
    },
    ""has_pedestrian_railing"": {
        ""value"": ""1 railing"",
        ""confidence"": 0.9
    },
    ""material_frame_tank_body"": {
        ""value"": ""Timber/Wood"",
        ""confidence"": 1.0
    },
    ""number_of_steps"": {
        ""value"": ""medium (10-20)"",
        ""confidence"": 0.7
    },
    ""structure_position"": {
        ""value"": ""At-Grade"",
        ""confidence"": 0.6
    }
}",medium (0.5-1.2m),0.5,1 railing,0.9,Timber/Wood,1.0,medium (10-20),0.7,At-Grade,0.6,False
63006,2026-05-20T15:07:01.535947,gemma-4-26b-a4b-it,"```json
{
    ""fall_height"": {
        ""value"": ""medium (0.5-1.2m)"",
        ""confidence"": 0.6
    },
    ""has_pedestrian_railing"": {
        ""value"": ""1 railing"",
        ""confidence"": 1.0
    },
    ""material_frame_tank_body"": {
        ""value"": ""Timber/Wood"",
        ""confidence"": 1.0
    },
    ""number_of_steps"": {
        ""value"": ""medium (10-20)"",
        ""confidence"": 0.8
    },
    ""structure_position"": {
        ""value"": ""At-Grade"",
        ""confidence"": 0.7
    }
}
```",medium (0.5-1.2m),0.6,1 railing,1.0,Timber/Wood,1.0,medium (10-20),0.8,At-Grade,0.7,False
63400,2026-05-20T15:07:41.881110,gemma-4-26b-a4b-it,"{
    ""fall_height"": {
        ""value"": ""low (<0.5m)"",
        ""confidence"": 0.5
    },
    ""has_pedestrian_railing"": {
        ""value"": ""No railings"",
        ""confidence"": 0.95
    },
    ""material_frame_tank_body"": {
        ""value"": ""Rock/Stone"",
        ""confidence"": 0.95
    },
    ""number_of_steps"": {
        ""value"": ""medium (10-20)"",
        ""confidence"": 0.5
    },
    ""structure_position"": {
        ""value"": ""At-Grade"",
        ""confidence"": 0.9
    }
}",low (<0.5m),0.5,No railings,0.95,Rock/Stone,0.95,medium (10-20),0.5,At-Grade,0.9,False
64381,2026-05-20T15:08:36.023589,gemma-4-26b-a4b-it,"{
    ""fall_height"": {
        ""value"": ""medium (0.5-1.2m)"",
        ""confidence"": 0.7
    },
    ""has_pedestrian_railing"": {
        ""value"": ""No railings"",
        ""confidence"": 1.0
    },
    ""material_frame_tank_body"": {
        ""value"": ""Timber/Wood"",
        ""confidence"": 0.95
    },
    ""number_of_steps"": {
        ""value"": ""few (<10)"",
        ""confidence"": 1.0
    },
    ""structure_position"": {
        ""value"": ""At-Grade"",
        ""confidence"": 0.9
    }
}",medium (0.5-1.2m),0.7,No railings,1.0,Timber/Wood,0.95,few (<10),1.0,At-Grade,0.9,False
64441,2026-05-20T15:09:32.575896,gemma-4-26b-a4b-it,"{
""fall_height"": {
""value"": ""medium (0.5-1.2m)"",
""confidence"": 0.6
},
""has_pedestrian_railing"": {
""value"": ""No railings"",
""confidence"": 0.8
},
""material_frame_tank_body"": {
""value"": ""Timber/Wood"",
""confidence"": 1.0
},
""number_of_steps"": {
""value"": ""few (<10)"",
""confidence"": 0.9
},
""structure_position"": {
""value"": ""Elevated"",
""confidence"": 0.9
}
}",medium (0.5-1.2m),0.6,No railings,0.8,Timber/Wood,1.0,few (<10),0.9,Elevated,0.9,False
64656,2026-05-20T15:10:07.458300,gemma-4-26b-a4b-it,"{
    ""fall_height"": {
        ""value"": ""low (<0.5m)"",
        ""confidence"": 0.7
    },
    ""has_pedestrian_railing"": {
        ""value"": ""No railings"",
        ""confidence"": 1.0
    },
    ""material_frame_tank_body"": {
        ""value"": ""Timber/Wood"",
        ""confidence"": 0.9
    },
    ""number_of_steps"": {
        ""value"": ""few (<10)"",
        ""confidence"": 0.9
    },
    ""structure_position"": {
        ""value"": ""At-Grade"",
        ""confidence"": 0.8
    }
}",low (<0.5m),0.7,No railings,1.0,Timber/Wood,0.9,few (<10),0.9,At-Grade,0.8,False
64840,2026-05-20T15:10:51.075949,gemma-4-26b-a4b-it,"{
    ""fall_height"": {
        ""value"": ""medium (0.5-1.2m)"",
        ""confidence"": 0.7
    },
    ""has_pedestrian_railing"": {
        ""value"": ""No railings"",
        ""confidence"": 1.0
    },
    ""material_frame_tank_body"": {
        ""value"": ""Rock/Stone"",
        ""confidence"": 1.0
    },
    ""number_of_steps"": {
        ""value"": ""few (<10)"",
        ""confidence"": 0.95
    },
    ""structure_position"": {
        ""value"": ""At-Grade"",
        ""confidence"": 0.9
    }
}",medium (0.5-1.2m),0.7,No railings,1.0,Rock/Stone,1.0,few (<10),0.95,At-Grade,0.9,False
65318,2026-05-20T15:12:02.039205,gemma-4-26b-a4b-it,"{
    ""fall_height"": {
        ""value"": ""medium (0.5-1.2m)"",
        ""confidence"": 0.7
    },
    ""has_pedestrian_railing"": {
        ""value"": ""No railings"",
        ""confidence"": 1.0
    },
    ""material_frame_tank_body"": {
        ""value"": ""Concrete"",
        ""confidence"": 0.9
    },
    ""number_of_steps"": {
        ""value"": ""few (<10)"",
        ""confidence"": 1.0
    },
    ""structure_position"": {
        ""value"": ""At-Grade"",
        ""confidence"": 0.9
    }
}",medium (0.5-1.2m),0.7,No railings,1.0,Concrete,0.9,few (<10),1.0,At-Grade,0.9,False
65613,2026-05-20T15:12:37.297501,gemma-4-26b-a4b-it,"{
    ""fall_height"": {
    ""value"": ""low (<0.5m)"",
    ""confidence"": 0.9
    },
    ""has_pedestrian_railing"": {
    ""value"": ""No railings"",
    ""confidence"": 1.0
    },
    ""material_frame_tank_body"": {
    ""value"": ""Timber/Wood"",
    ""confidence"": 1.0
    },
    ""number_of_steps"": {
    ""value"": ""few (<10)"",
    ""confidence"": 0.9
    },
    ""structure_position"": {
    ""value"": ""At-Grade"",
    ""confidence"": 0.8
    }
}",low (<0.5m),0.9,No railings,1.0,Timber/Wood,1.0,few (<10),0.9,At-Grade,0.8,False
66054,2026-05-20T15:13:07.200142,gemma-4-26b-a4b-it,"{
    ""fall_height"": {
        ""value"": ""low (<0.5m)"",
        ""confidence"": 0.8
    },
    ""has_pedestrian_railing"": {
        ""value"": ""No railings"",
        ""confidence"": 0.9
    },
    ""material_frame_tank_body"": {
        ""value"": ""Timber/Wood"",
        ""confidence"": 1.0
    },
    ""number_of_steps"": {
        ""value"": ""few (<10)"",
        ""confidence"": 1.0
    },
    ""structure_position"": {
        ""value"": ""At-Grade"",
        ""confidence"": 0.9
    }
}",low (<0.5m),0.8,No railings,0.9,Timber/Wood,1.0,few (<10),1.0,At-Grade,0.9,False
66055,2026-05-20T15:13:59.298931,gemma-4-26b-a4b-it,"{
    ""fall_height"": {
        ""value"": ""medium (0.5-1.2m)"",
        ""confidence"": 0.7
    },
    ""has_pedestrian_railing"": {
        ""value"": ""2 railings"",
        ""confidence"": 1.0
    },
    ""material_frame_tank_body"": {
        ""value"": ""Concrete"",
        ""confidence"": 1.0
    },
    ""number_of_steps"": {
        ""value"": ""few (<10)"",
        ""confidence"": 1.0
    },
    ""structure_position"": {
        ""value"": ""At-Grade"",
        ""confidence"": 0.8
    }
}",medium (0.5-1.2m),0.7,2 railings,1.0,Concrete,1.0,few (<10),1.0,At-Grade,0.8,False
66243,2026-05-20T15:14:38.700367,gemma-4-26b-a4b-it,"{
    ""fall_height"": {
        ""value"": ""medium (0.5-1.2m)"",
        ""confidence"": 0.7
    },
    ""has_pedestrian_railing"": {
        ""value"": ""No railings"",
        ""confidence"": 1.0
    },
    ""material_frame_tank_body"": {
        ""value"": ""Concrete"",
        ""confidence"": 0.95
    },
    ""number_of_steps"": {
        ""value"": ""few (<10)"",
        ""confidence"": 1.0
    },
    ""structure_position"": {
        ""value"": ""At-Grade"",
        ""confidence"": 0.9
    }
}",medium (0.5-1.2m),0.7,No railings,1.0,Concrete,0.95,few (<10),1.0,At-Grade,0.9,False
67210,2026-05-20T15:15:32.981612,gemma-4-26b-a4b-it,"{
    ""fall_height"": {
        ""value"": ""high (>1.2m)"",
        ""confidence"": 0.9
    },
    ""has_pedestrian_railing"": {
        ""value"": ""No railings"",
        ""confidence"": 0.95
    },
    ""material_frame_tank_body"": {
        ""value"": ""Concrete"",
        ""confidence"": 1.0
    },
    ""number_of_steps"": {
        ""value"": ""medium (10-20)"",
        ""confidence"": 0.9
    },
    ""structure_position"": {
        ""value"": ""At-Grade"",
        ""confidence"": 0.85
    }
}",high (>1.2m),0.9,No railings,0.95,Concrete,1.0,medium (10-20),0.9,At-Grade,0.85,False
80433,2026-05-20T15:16:05.293315,gemma-4-26b-a4b-it,"{
    ""fall_height"": {
        ""value"": ""low (<0.5m)"",
        ""confidence"": 0.7
    },
    ""has_pedestrian_railing"": {
        ""value"": ""No railings"",
        ""confidence"": 1.0
    },
    ""material_frame_tank_body"": {
        ""value"": ""Rock/Stone"",
        ""confidence"": 1.0
    },
    ""number_of_steps"": {
        ""value"": ""few (<10)"",
        ""confidence"": 0.9
    },
    ""structure_position"": {
        ""value"": ""At-Grade"",
        ""confidence"": 0.8
    }
}",low (<0.5m),0.7,No railings,1.0,Rock/Stone,1.0,few (<10),0.9,At-Grade,0.8,False
80436,2026-05-20T15:16:38.932017,gemma-4-26b-a4b-it,"{
    ""fall_height"": {
        ""value"": ""low (<0.5m)"",
        ""confidence"": 0.7
    },
    ""has_pedestrian_railing"": {
        ""value"": ""No railings"",
        ""confidence"": 1.0
    },
    ""material_frame_tank_body"": {
        ""value"": ""Timber/Wood"",
        ""confidence"": 0.9
    },
    ""number_of_steps"": {
        ""value"": ""few (<10)"",
        ""confidence"": 1.0
    },
    ""structure_position"": {
        ""value"": ""At-Grade"",
        ""confidence"": 0.9
    }
}",low (<0.5m),0.7,No railings,1.0,Timber/Wood,0.9,few (<10),1.0,At-Grade,0.9,False
80438,2026-05-20T15:17:27.354038,gemma-4-26b-a4b-it,"{
    ""fall_height"": {
        ""value"": ""low (<0.5m)"",
        ""confidence"": 0.7
    },
    ""has_pedestrian_railing"": {
        ""value"": ""No railings"",
        ""confidence"": 1.0
    },
    ""material_frame_tank_body"": {
        ""value"": ""Timber/Wood"",
        ""confidence"": 0.9
    },
    ""number_of_steps"": {
        ""value"": ""medium (10-20)"",
        ""confidence"": 0.8
    },
    ""structure_position"": {
        ""value"": ""At-Grade"",
        ""confidence"": 0.9
    }
}",low (<0.5m),0.7,No railings,1.0,Timber/Wood,0.9,medium (10-20),0.8,At-Grade,0.9,False
80450,2026-05-20T15:17:57.269934,gemma-4-26b-a4b-it,"{
    ""fall_height"": {
        ""value"": ""low (<0.5m)"",
        ""confidence"": 0.9
    },
    ""has_pedestrian_railing"": {
        ""value"": ""No railings"",
        ""confidence"": 1.0
    },
    ""material_frame_tank_body"": {
        ""value"": ""Rock/Stone"",
        ""confidence"": 0.95
    },
    ""number_of_steps"": {
        ""value"": ""few (<10)"",
        ""confidence"": 0.7
    },
    ""structure_position"": {
        ""value"": ""At-Grade"",
        ""confidence"": 0.9
    }
}",low (<0.5m),0.9,No railings,1.0,Rock/Stone,0.95,few (<10),0.7,At-Grade,0.9,False
80452,2026-05-20T15:18:47.397355,gemma-4-26b-a4b-it,"{
""fall_height"": {
""value"": ""medium (0.5-1.2m)"",
""confidence"": 0.7
},
""has_pedestrian_railing"": {
""value"": ""No railings"",
""confidence"": 1.0
},
""material_frame_tank_body"": {
""value"": ""Rock/Stone"",
""confidence"": 1.0
},
""number_of_steps"": {
""value"": ""few (<10)"",
""confidence"": 1.0
},
""structure_position"": {
""value"": ""At-Grade"",
""confidence"": 0.9
}
}",medium (0.5-1.2m),0.7,No railings,1.0,Rock/Stone,1.0,few (<10),1.0,At-Grade,0.9,False
80458,2026-05-20T15:19:37.489576,gemma-4-26b-a4b-it,"{
    ""fall_height"": {
        ""value"": ""high (>1.2m)"",
        ""confidence"": 0.7
    },
    ""has_pedestrian_railing"": {
        ""value"": ""No railings"",
        ""confidence"": 1.0
    },
    ""material_frame_tank_body"": {
        ""value"": ""Rock/Stone"",
        ""confidence"": 1.0
    },
    ""number_of_steps"": {
        ""value"": ""many (>20)"",
        ""confidence"": 0.6
    },
    ""structure_position"": {
        ""value"": ""At-Grade"",
        ""confidence"": 0.8
    }
}",high (>1.2m),0.7,No railings,1.0,Rock/Stone,1.0,many (>20),0.6,At-Grade,0.8,False
80460,2026-05-20T15:20:29.505255,gemma-4-26b-a4b-it,"```json
{
    ""fall_height"": {
        ""value"": ""high (>1.2m)"",
        ""confidence"": 0.7
    },
    ""has_pedestrian_railing"": {
        ""value"": ""1 railing"",
        ""confidence"": 0.9
    },
    ""material_frame_tank_body"": {
        ""value"": ""Timber/Wood"",
        ""confidence"": 1.0
    },
    ""number_of_steps"": {
        ""value"": ""medium (10-20)"",
        ""confidence"": 0.8
    },
    ""structure_position"": {
        ""value"": ""Elevated"",
        ""confidence"": 0.8
    }
}
```",high (>1.2m),0.7,1 railing,0.9,Timber/Wood,1.0,medium (10-20),0.8,Elevated,0.8,False
80463,2026-05-20T15:21:33.548990,gemma-4-26b-a4b-it,"{
    ""fall_height"": {
        ""value"": ""low (<0.5m)"",
        ""confidence"": 0.6
    },
    ""has_pedestrian_railing"": {
        ""value"": ""No railings"",
        ""confidence"": 1.0
    },
    ""material_frame_tank_body"": {
        ""value"": ""Timber/Wood"",
        ""confidence"": 0.9
    },
    ""number_of_steps"": {
        ""value"": ""few (<10)"",
        ""confidence"": 0.8
    },
    ""structure_position"": {
        ""value"": ""At-Grade"",
        ""confidence"": 0.9
    }
}",low (<0.5m),0.6,No railings,1.0,Timber/Wood,0.9,few (<10),0.8,At-Grade,0.9,False
80470,2026-05-20T15:22:08.946397,gemma-4-26b-a4b-it,"{
    ""fall_height"": {
        ""value"": ""high (>1.2m)"",
        ""confidence"": 0.8
    },
    ""has_pedestrian_railing"": {
        ""value"": ""No railings"",
        ""confidence"": 1.0
    },
    ""material_frame_tank_body"": {
        ""value"": ""Rock/Stone"",
        ""confidence"": 1.0
    },
    ""number_of_steps"": {
        ""value"": ""many (>20)"",
        ""confidence"": 0.9
    },
    ""structure_position"": {
        ""value"": ""At-Grade"",
        ""confidence"": 0.8
    }
}",high (>1.2m),0.8,No railings,1.0,Rock/Stone,1.0,many (>20),0.9,At-Grade,0.8,False
80471,2026-05-20T15:22:41.383859,gemma-4-26b-a4b-it,"{
    ""fall_height"": {
        ""value"": ""low (<0.5m)"",
        ""confidence"": 0.8
    },
    ""has_pedestrian_railing"": {
        ""value"": ""No railings"",
        ""confidence"": 1.0
    },
    ""material_frame_tank_body"": {
        ""value"": ""Rock/Stone"",
        ""confidence"": 1.0
    },
    ""number_of_steps"": {
        ""value"": ""few (<10)"",
        ""confidence"": 0.9
    },
    ""structure_position"": {
        ""value"": ""At-Grade"",
        ""confidence"": 0.9
    }
}",low (<0.5m),0.8,No railings,1.0,Rock/Stone,1.0,few (<10),0.9,At-Grade,0.9,False
80606,2026-05-20T15:23:47.585761,gemma-4-26b-a4b-it,"{
    ""fall_height"": {
        ""value"": ""high (>1.2m)"",
        ""confidence"": 0.7
    },
    ""has_pedestrian_railing"": {
        ""value"": ""2 railings"",
        ""confidence"": 1.0
    },
    ""material_frame_tank_body"": {
        ""value"": ""Timber/Wood"",
        ""confidence"": 1.0
    },
    ""number_of_steps"": {
        ""value"": ""many (>20)"",
        ""confidence"": 0.9
    },
    ""structure_position"": {
        ""value"": ""Elevated"",
        ""confidence"": 0.9
    }
}",high (>1.2m),0.7,2 railings,1.0,Timber/Wood,1.0,many (>20),0.9,Elevated,0.9,False
80607,2026-05-20T15:25:04.448288,gemma-4-26b-a4b-it,"{
    ""fall_height"": {
        ""value"": ""high (>1.2m)"",
        ""confidence"": 0.8
    },
    ""has_pedestrian_railing"": {
        ""value"": ""2 railings"",
        ""confidence"": 0.9
    },
    ""material_frame_tank_body"": {
        ""value"": ""Timber/Wood"",
        ""confidence"": 1.0
    },
    ""number_of_steps"": {
        ""value"": ""medium (10-20)"",
        ""confidence"": 0.9
    },
    ""structure_position"": {
        ""value"": ""At-Grade"",
        ""confidence"": 0.9
    }
}",high (>1.2m),0.8,2 railings,0.9,Timber/Wood,1.0,medium (10-20),0.9,At-Grade,0.9,False
80608,2026-05-20T15:25:48.246668,gemma-4-26b-a4b-it,"{
    ""fall_height"": {
        ""value"": ""high (>1.2m)"",
        ""confidence"": 0.9
    },
    ""has_pedestrian_railing"": {
        ""value"": ""2 railings"",
        ""confidence"": 1.0
    },
    ""material_frame_tank_body"": {
        ""value"": ""Timber/Wood"",
        ""confidence"": 1.0
    },
    ""number_of_steps"": {
        ""value"": ""many (>20)"",
        ""confidence"": 0.95
    },
    ""structure_position"": {
        ""value"": ""Elevated"",
        ""confidence"": 0.9
    }
}",high (>1.2m),0.9,2 railings,1.0,Timber/Wood,1.0,many (>20),0.95,Elevated,0.9,False
80639,2026-05-20T15:26:49.902757,gemma-4-26b-a4b-it,"```json
{
    ""fall_height"": {
        ""value"": ""low (<0.5m)"",
        ""confidence"": 0.7
    },
    ""has_pedestrian_railing"": {
        ""value"": ""No railings"",
        ""confidence"": 0.8
    },
    ""material_frame_tank_body"": {
        ""value"": ""Timber/Wood"",
        ""confidence"": 0.95
    },
    ""number_of_steps"": {
        ""value"": ""medium (10-20)"",
        ""confidence"": 0.9
    },
    ""structure_position"": {
        ""value"": ""At-Grade"",
        ""confidence"": 0.9
    }
}
```",low (<0.5m),0.7,No railings,0.8,Timber/Wood,0.95,medium (10-20),0.9,At-Grade,0.9,False
80640,2026-05-20T15:27:41.767821,gemma-4-26b-a4b-it,"{
    ""fall_height"": {
        ""value"": ""low (<0.5m)"",
        ""confidence"": 0.7
    },
    ""has_pedestrian_railing"": {
        ""value"": ""No railings"",
        ""confidence"": 1.0
    },
    ""material_frame_tank_body"": {
        ""value"": ""Timber/Wood"",
        ""confidence"": 0.9
    },
    ""number_of_steps"": {
        ""value"": ""few (<10)"",
        ""confidence"": 0.9
    },
    ""structure_position"": {
        ""value"": ""At-Grade"",
        ""confidence"": 0.9
    }
}",low (<0.5m),0.7,No railings,1.0,Timber/Wood,0.9,few (<10),0.9,At-Grade,0.9,False
80804,2026-05-20T15:28:25.958580,gemma-4-26b-a4b-it,"{
    ""fall_height"": {
        ""value"": ""medium (0.5-1.2m)"",
        ""confidence"": 0.7
    },
    ""has_pedestrian_railing"": {
        ""value"": ""No railings"",
        ""confidence"": 1.0
    },
    ""material_frame_tank_body"": {
        ""value"": ""Concrete"",
        ""confidence"": 0.95
    },
    ""number_of_steps"": {
        ""value"": ""few (<10)"",
        ""confidence"": 1.0
    },
    ""structure_position"": {
        ""value"": ""At-Grade"",
        ""confidence"": 0.8
    }
}",medium (0.5-1.2m),0.7,No railings,1.0,Concrete,0.95,few (<10),1.0,At-Grade,0.8,False
80909,2026-05-20T15:29:19.238364,gemma-4-26b-a4b-it,"{
    ""fall_height"": {
        ""value"": ""high (>1.2m)"",
        ""confidence"": 0.7
    },
    ""has_pedestrian_railing"": {
        ""value"": ""1 railing"",
        ""confidence"": 1.0
    },
    ""material_frame_tank_body"": {
        ""value"": ""Timber/Wood"",
        ""confidence"": 0.9
    },
    ""number_of_steps"": {
        ""value"": ""many (>20)"",
        ""confidence"": 0.8
    },
    ""structure_position"": {
        ""value"": ""At-Grade"",
        ""confidence"": 0.8
    }
}",high (>1.2m),0.7,1 railing,1.0,Timber/Wood,0.9,many (>20),0.8,At-Grade,0.8,False
80916,2026-05-20T15:29:21.055218,gemma-4-26b-a4b-it,,,,,,,,,,,,True
81293,2026-05-20T15:29:25.462870,gemma-4-26b-a4b-it,,,,,,,,,,,,True
82182,2026-05-20T15:29:28.878573,gemma-4-26b-a4b-it,,,,,,,,,,,,True
82213,2026-05-20T15:29:31.398822,gemma-4-26b-a4b-it,,,,,,,,,,,,True
82406,2026-05-20T15:29:33.871570,gemma-4-26b-a4b-it,,,,,,,,,,,,True
82425,2026-05-20T15:29:35.609548,gemma-4-26b-a4b-it,,,,,,,,,,,,True
82461,2026-05-20T15:30:31.062130,gemma-4-26b-a4b-it,"{
    ""fall_height"": {
        ""value"": ""medium (0.5-1.2m)"",
        ""confidence"": 0.7
    },
    ""has_pedestrian_railing"": {
        ""value"": ""No railings"",
        ""confidence"": 1.0
    },
    ""material_frame_tank_body"": {
        ""value"": ""Concrete"",
        ""confidence"": 0.9
    },
    ""number_of_steps"": {
        ""value"": ""few (<10)"",
        ""confidence"": 1.0
    },
    ""structure_position"": {
        ""value"": ""At-Grade"",
        ""confidence"": 0.9
    }
}",medium (0.5-1.2m),0.7,No railings,1.0,Concrete,0.9,few (<10),1.0,At-Grade,0.9,False
82555,2026-05-20T15:30:33.927790,gemma-4-26b-a4b-it,,,,,,,,,,,,True
82778,2026-05-20T15:31:18.064060,gemma-4-26b-a4b-it,"{
    ""fall_height"": {
        ""value"": ""low (<0.5m)"",
        ""confidence"": 0.9
    },
    ""has_pedestrian_railing"": {
        ""value"": ""No railings"",
        ""confidence"": 1.0
    },
    ""material_frame_tank_body"": {
        ""value"": ""Timber/Wood"",
        ""confidence"": 1.0
    },
    ""number_of_steps"": {
        ""value"": ""few (<10)"",
        ""confidence"": 1.0
    },
    ""structure_position"": {
        ""value"": ""At-Grade"",
        ""confidence"": 0.9
    }
}",low (<0.5m),0.9,No railings,1.0,Timber/Wood,1.0,few (<10),1.0,At-Grade,0.9,False
82806,2026-05-20T15:31:59.417329,gemma-4-26b-a4b-it,"```json
{
    ""fall_height"": {
        ""value"": ""medium (0.5-1.2m)"",
        ""confidence"": 0.8
    },
    ""has_pedestrian_railing"": {
        ""value"": ""No railings"",
        ""confidence"": 1.0
    },
    ""material_frame_tank_body"": {
        ""value"": ""Concrete"",
        ""confidence"": 1.0
    },
    ""number_of_steps"": {
        ""value"": ""few (<10)"",
        ""confidence"": 0.9
    },
    ""structure_position"": {
        ""value"": ""At-Grade"",
        ""confidence"": 0.8
    }
}
```",medium (0.5-1.2m),0.8,No railings,1.0,Concrete,1.0,few (<10),0.9,At-Grade,0.8,False
82811,2026-05-20T15:32:53.699780,gemma-4-26b-a4b-it,"{
""fall_height"": {
""value"": ""low (<0.5m)"",
""confidence"": 0.85
},
""has_pedestrian_railing"": {
""value"": ""No railings"",
""confidence"": 1.0
},
""material_frame_tank_body"": {
""value"": ""Concrete"",
""confidence"": 1.0
},
""number_of_steps"": {
""value"": ""few (<10)"",
""confidence"": 1.0
},
""structure_position"": {
""value"": ""At-Grade"",
""confidence"": 0.9
}
}",low (<0.5m),0.85,No railings,1.0,Concrete,1.0,few (<10),1.0,At-Grade,0.9,False
82812,2026-05-20T15:34:00.903539,gemma-4-26b-a4b-it,"```json
{
    ""fall_height"": {
        ""value"": ""medium (0.5-1.2m)"",
        ""confidence"": 0.7
    },
    ""has_pedestrian_railing"": {
        ""value"": ""No railings"",
        ""confidence"": 1.0
    },
    ""material_frame_tank_body"": {
        ""value"": ""Concrete"",
        ""confidence"": 1.0
    },
    ""number_of_steps"": {
        ""value"": ""few (<10)"",
        ""confidence"": 0.9
    },
    ""structure_position"": {
        ""value"": ""At-Grade"",
        ""confidence"": 0.8
    }
}
```",medium (0.5-1.2m),0.7,No railings,1.0,Concrete,1.0,few (<10),0.9,At-Grade,0.8,False
83137,2026-05-20T15:35:13.865715,gemma-4-26b-a4b-it,"```json
{
    ""fall_height"": {
        ""value"": ""low (<0.5m)"",
        ""confidence"": 0.7
    },
    ""has_pedestrian_railing"": {
        ""value"": ""No railings"",
        ""confidence"": 0.95
    },
    ""material_frame_tank_body"": {
        ""value"": ""Timber/Wood"",
        ""confidence"": 0.95
    },
    ""number_of_steps"": {
        ""value"": ""medium (10-20)"",
        ""confidence"": 0.8
    },
    ""structure_position"": {
        ""value"": ""At-Grade"",
        ""confidence"": 0.9
    }
}
```",low (<0.5m),0.7,No railings,0.95,Timber/Wood,0.95,medium (10-20),0.8,At-Grade,0.9,False
83142,2026-05-20T15:35:16.755404,gemma-4-26b-a4b-it,,,,,,,,,,,,True
83147,2026-05-20T15:36:22.526829,gemma-4-26b-a4b-it,"{
    ""fall_height"": {
        ""value"": ""high (>1.2m)"",
        ""confidence"": 0.7
    },
    ""has_pedestrian_railing"": {
        ""value"": ""No railings"",
        ""confidence"": 1.0
    },
    ""material_frame_tank_body"": {
        ""value"": ""Timber/Wood"",
        ""confidence"": 1.0
    },
    ""number_of_steps"": {
        ""value"": ""few (<10)"",
        ""confidence"": 0.9
    },
    ""structure_position"": {
        ""value"": ""At-Grade"",
        ""confidence"": 0.8
    }
}",high (>1.2m),0.7,No railings,1.0,Timber/Wood,1.0,few (<10),0.9,At-Grade,0.8,False
83152,2026-05-20T15:37:12.667019,gemma-4-26b-a4b-it,"{
    ""fall_height"": {
        ""value"": ""low (<0.5m)"",
        ""confidence"": 0.9
    },
    ""has_pedestrian_railing"": {
        ""value"": ""No railings"",
        ""confidence"": 1.0
    },
    ""material_frame_tank_body"": {
        ""value"": ""Timber/Wood"",
        ""confidence"": 1.0
    },
    ""number_of_steps"": {
        ""value"": ""medium (10-20)"",
        ""confidence"": 0.8
    },
    ""structure_position"": {
        ""value"": ""At-Grade"",
        ""confidence"": 0.8
    }
}",low (<0.5m),0.9,No railings,1.0,Timber/Wood,1.0,medium (10-20),0.8,At-Grade,0.8,False
83852,2026-05-20T15:38:17.864249,gemma-4-26b-a4b-it,"{
    ""fall_height"": {
        ""value"": ""medium (0.5-1.2m)"",
        ""confidence"": 0.7
    },
    ""has_pedestrian_railing"": {
        ""value"": ""1 railing"",
        ""confidence"": 1.0
    },
    ""material_frame_tank_body"": {
        ""value"": ""Concrete"",
        ""confidence"": 0.95
    },
    ""number_of_steps"": {
        ""value"": ""few (<10)"",
        ""confidence"": 0.9
    },
    ""structure_position"": {
        ""value"": ""At-Grade"",
        ""confidence"": 0.8
    }
}",medium (0.5-1.2m),0.7,1 railing,1.0,Concrete,0.95,few (<10),0.9,At-Grade,0.8,False
83940,2026-05-20T15:39:17.723851,gemma-4-26b-a4b-it,"{
    ""fall_height"": {
        ""value"": ""high (>1.2m)"",
        ""confidence"": 0.7
    },
    ""has_pedestrian_railing"": {
        ""value"": ""No railings"",
        ""confidence"": 1.0
    },
    ""material_frame_tank_body"": {
        ""value"": ""Timber/Wood"",
        ""confidence"": 0.9
    },
    ""number_of_steps"": {
        ""value"": ""medium (10-20)"",
        ""confidence"": 0.9
    },
    ""structure_position"": {
        ""value"": ""At-Grade"",
        ""confidence"": 0.9
    }
}",high (>1.2m),0.7,No railings,1.0,Timber/Wood,0.9,medium (10-20),0.9,At-Grade,0.9,False
84944,2026-05-20T15:39:46.003810,gemma-4-26b-a4b-it,"{
    ""fall_height"": {
        ""value"": ""medium (0.5-1.2m)"",
        ""confidence"": 0.6
    },
    ""has_pedestrian_railing"": {
        ""value"": ""2 railings"",
        ""confidence"": 1.0
    },
    ""material_frame_tank_body"": {
        ""value"": ""Timber/Wood"",
        ""confidence"": 1.0
    },
    ""number_of_steps"": {
        ""value"": ""few (<10)"",
        ""confidence"": 0.9
    },
    ""structure_position"": {
        ""value"": ""Elevated"",
        ""confidence"": 0.8
    }
}",medium (0.5-1.2m),0.6,2 railings,1.0,Timber/Wood,1.0,few (<10),0.9,Elevated,0.8,False
85087,2026-05-20T15:40:44.502520,gemma-4-26b-a4b-it,"{
    ""fall_height"": {
        ""value"": ""high (>1.2m)"",
        ""confidence"": 0.9
    },
    ""has_pedestrian_railing"": {
        ""value"": ""2 railings"",
        ""confidence"": 1.0
    },
    ""material_frame_tank_body"": {
        ""value"": ""Aluminum"",
        ""confidence"": 0.8
    },
    ""number_of_steps"": {
        ""value"": ""many (>20)"",
        ""confidence"": 1.0
    },
    ""structure_position"": {
        ""value"": ""Other"",
        ""confidence"": 0.8
    }
}",high (>1.2m),0.9,2 railings,1.0,Aluminum,0.8,many (>20),1.0,Other,0.8,False
85476,2026-05-20T15:41:48.532018,gemma-4-26b-a4b-it,"{
    ""fall_height"": {
        ""value"": ""low (<0.5m)"",
        ""confidence"": 0.8
    },
    ""has_pedestrian_railing"": {
        ""value"": ""No railings"",
        ""confidence"": 1.0
    },
    ""material_frame_tank_body"": {
        ""value"": ""Timber/Wood"",
        ""confidence"": 1.0
    },
    ""number_of_steps"": {
        ""value"": ""medium (10-20)"",
        ""confidence"": 0.6
    },
    ""structure_position"": {
        ""value"": ""At-Grade"",
        ""confidence"": 0.7
    }
}",low (<0.5m),0.8,No railings,1.0,Timber/Wood,1.0,medium (10-20),0.6,At-Grade,0.7,False
85483,2026-05-20T15:42:45.102159,gemma-4-26b-a4b-it,"{
    ""fall_height"": {
        ""value"": ""medium"",
        ""confidence"": 0.5
    },
    ""has_pedestrian_railing"": {
        ""value"": ""No railings"",
        ""confidence"": 1.0
    },
    ""material_frame_tank_body"": {
        ""value"": ""Timber/Wood"",
        ""confidence"": 1.0
    },
    ""number_of_steps"": {
        ""value"": ""few (<10)"",
        ""confidence"": 0.9
    },
    ""structure_position"": {
        ""value"": ""At-Grade"",
        ""confidence"": 0.9
    }
}",medium,0.5,No railings,1.0,Timber/Wood,1.0,few (<10),0.9,At-Grade,0.9,False
85486,2026-05-20T15:43:37.372449,gemma-4-26b-a4b-it,"{
    ""fall_height"": {
        ""value"": ""low (<0.5m)"",
        ""confidence"": 0.8
    },
    ""has_pedestrian_railing"": {
        ""value"": ""No railings"",
        ""confidence"": 1.0
    },
    ""material_frame_tank_body"": {
        ""value"": ""Timber/Wood"",
        ""confidence"": 1.0
    },
    ""number_of_steps"": {
        ""value"": ""few (<10)"",
        ""confidence"": 0.7
    },
    ""structure_position"": {
        ""value"": ""At-Grade"",
        ""confidence"": 0.9
    }
}",low (<0.5m),0.8,No railings,1.0,Timber/Wood,1.0,few (<10),0.7,At-Grade,0.9,False
85489,2026-05-20T15:44:28.094152,gemma-4-26b-a4b-it,"{
    ""fall_height"": {
        ""value"": ""low (<0.5m)"",
        ""confidence"": 0.7
    },
    ""has_pedestrian_railing"": {
        ""value"": ""No railings"",
        ""confidence"": 1.0
    },
    ""material_frame_tank_body"": {
        ""value"": ""Timber/Wood"",
        ""confidence"": 1.0
    },
    ""number_of_steps"": {
        ""value"": ""few (<10)"",
        ""confidence"": 0.8
    },
    ""structure_position"": {
        ""value"": ""At-Grade"",
        ""confidence"": 0.9
    }
}",low (<0.5m),0.7,No railings,1.0,Timber/Wood,1.0,few (<10),0.8,At-Grade,0.9,False
85492,2026-05-20T15:45:27.833751,gemma-4-26b-a4b-it,"{
    ""fall_height"": {
        ""value"": ""low (<0.5m)"",
        ""confidence"": 0.9
    },
    ""has_pedestrian_railing"": {
        ""value"": ""No railings"",
        ""confidence"": 1.0
    },
    ""material_frame_tank_body"": {
        ""value"": ""Timber/Wood"",
        ""confidence"": 1.0
    },
    ""number_of_steps"": {
        ""value"": ""few (<10)"",
        ""confidence"": 0.9
    },
    ""structure_position"": {
        ""value"": ""At-Grade"",
        ""confidence"": 0.8
    }
}",low (<0.5m),0.9,No railings,1.0,Timber/Wood,1.0,few (<10),0.9,At-Grade,0.8,False
85496,2026-05-20T15:46:32.204327,gemma-4-26b-a4b-it,"{
    ""fall_height"": {
        ""value"": ""high (>1.2m)"",
        ""confidence"": 0.7
    },
    ""has_pedestrian_railing"": {
        ""value"": ""No railings"",
        ""confidence"": 1.0
    },
    ""material_frame_tank_body"": {
        ""value"": ""Timber/Wood"",
        ""confidence"": 1.0
    },
    ""number_of_steps"": {
        ""value"": ""medium (10-20)"",
        ""confidence"": 0.9
    },
    ""structure_position"": {
        ""value"": ""At-Grade"",
        ""confidence"": 0.8
    }
}",high (>1.2m),0.7,No railings,1.0,Timber/Wood,1.0,medium (10-20),0.9,At-Grade,0.8,False
85958,2026-05-20T15:47:22.743294,gemma-4-26b-a4b-it,"{
    ""fall_height"": {
        ""value"": ""low (<0.5m)"",
        ""confidence"": 0.7
    },
    ""has_pedestrian_railing"": {
        ""value"": ""No railings"",
        ""confidence"": 1.0
    },
    ""material_frame_tank_body"": {
        ""value"": ""Concrete"",
        ""confidence"": 1.0
    },
    ""number_of_steps"": {
        ""value"": ""few (<10)"",
        ""confidence"": 1.0
    },
    ""structure_position"": {
        ""value"": ""At-Grade"",
        ""confidence"": 0.9
    }
}",low (<0.5m),0.7,No railings,1.0,Concrete,1.0,few (<10),1.0,At-Grade,0.9,False
85964,2026-05-20T15:48:01.595890,gemma-4-26b-a4b-it,"{
    ""fall_height"": {
        ""value"": ""medium (0.5-1.2m)"",
        ""confidence"": 0.8
    },
    ""has_pedestrian_railing"": {
        ""value"": ""No railings"",
        ""confidence"": 1.0
    },
    ""material_frame_tank_body"": {
        ""value"": ""Concrete"",
        ""confidence"": 1.0
    },
    ""number_of_steps"": {
        ""value"": ""few (<10)"",
        ""confidence"": 1.0
    },
    ""structure_position"": {
        ""value"": ""At-Grade"",
        ""confidence"": 0.8
    }
}",medium (0.5-1.2m),0.8,No railings,1.0,Concrete,1.0,few (<10),1.0,At-Grade,0.8,False
86044,2026-05-20T15:48:34.144318,gemma-4-26b-a4b-it,"{
    ""fall_height"": {
        ""value"": ""low (<0.5m)"",
        ""confidence"": 0.7
    },
    ""has_pedestrian_railing"": {
        ""value"": ""No railings"",
        ""confidence"": 0.95
    },
    ""material_frame_tank_body"": {
        ""value"": ""Timber/Wood"",
        ""confidence"": 0.95
    },
    ""number_of_steps"": {
        ""value"": ""few (<10)"",
        ""confidence"": 0.7
    },
    ""structure_position"": {
        ""value"": ""At-Grade"",
        ""confidence"": 0.8
    }
}",low (<0.5m),0.7,No railings,0.95,Timber/Wood,0.95,few (<10),0.7,At-Grade,0.8,False
86053,2026-05-20T15:48:36.800463,gemma-4-26b-a4b-it,,,,,,,,,,,,True
86062,2026-05-20T15:49:46.549631,gemma-4-26b-a4b-it,"{
""fall_height"": {
""value"": ""low (<0.5m)"",
""confidence"": 0.5
},
""has_pedestrian_railing"": {
""value"": ""No railings"",
""confidence"": 1.0
},
""material_frame_tank_body"": {
""value"": ""Timber/Wood"",
""confidence"": 0.95
},
""number_of_steps"": {
""value"": ""few (<10)"",
""confidence"": 0.8
},
""structure_position"": {
""value"": ""At-Grade"",
""confidence"": 0.8
}
}",low (<0.5m),0.5,No railings,1.0,Timber/Wood,0.95,few (<10),0.8,At-Grade,0.8,False
86091,2026-05-20T15:50:25.482009,gemma-4-26b-a4b-it,"{
    ""fall_height"": {
        ""value"": ""low (<0.5m)"",
        ""confidence"": 0.6
    },
    ""has_pedestrian_railing"": {
        ""value"": ""No railings"",
        ""confidence"": 0.95
    },
    ""material_frame_tank_body"": {
        ""value"": ""Timber/Wood"",
        ""confidence"": 1.0
    },
    ""number_of_steps"": {
        ""value"": ""few (<10)"",
        ""confidence"": 0.9
    },
    ""structure_position"": {
        ""value"": ""At-Grade"",
        ""confidence"": 0.8
    }
}",low (<0.5m),0.6,No railings,0.95,Timber/Wood,1.0,few (<10),0.9,At-Grade,0.8,False
86094,2026-05-20T15:51:11.316813,gemma-4-26b-a4b-it,"{
""fall_height"": {
""value"": ""medium (0.5-1.2m)"",
""confidence"": 0.7
},
""has_pedestrian_railing"": {
""value"": ""No railings"",
""confidence"": 1.0
},
""material_frame_tank_body"": {
""value"": ""Timber/Wood"",
""confidence"": 1.0
},
""number_of_steps"": {
""value"": ""medium (10-20)"",
""confidence"": 0.9
},
""structure_position"": {
""value"": ""At-Grade"",
""confidence"": 0.9
}
}",medium (0.5-1.2m),0.7,No railings,1.0,Timber/Wood,1.0,medium (10-20),0.9,At-Grade,0.9,False
86102,2026-05-20T15:52:06.001009,gemma-4-26b-a4b-it,"{
    ""fall_height"": {
        ""value"": ""high (>1.2m)"",
        ""confidence"": 0.8
    },
    ""has_pedestrian_railing"": {
        ""value"": ""No railings"",
        ""confidence"": 1.0
    },
    ""material_frame_tank_body"": {
        ""value"": ""Timber/Wood"",
        ""confidence"": 0.95
    },
    ""number_of_steps"": {
        ""value"": ""many (>20)"",
        ""confidence"": 0.95
    },
    ""structure_position"": {
        ""value"": ""At-Grade"",
        ""confidence"": 0.85
    }
}",high (>1.2m),0.8,No railings,1.0,Timber/Wood,0.95,many (>20),0.95,At-Grade,0.85,False
86159,2026-05-20T15:52:49.089571,gemma-4-26b-a4b-it,"{
    ""fall_height"": {
        ""value"": ""low (<0.5m)"",
        ""confidence"": 0.9
    },
    ""has_pedestrian_railing"": {
        ""value"": ""No railings"",
        ""confidence"": 1.0
    },
    ""material_frame_tank_body"": {
        ""value"": ""Timber/Wood"",
        ""confidence"": 1.0
    },
    ""number_of_steps"": {
        ""value"": ""few (<10)"",
        ""confidence"": 1.0
    },
    ""structure_position"": {
        ""value"": ""At-Grade"",
        ""confidence"": 0.9
    }
}",low (<0.5m),0.9,No railings,1.0,Timber/Wood,1.0,few (<10),1.0,At-Grade,0.9,False
86174,2026-05-20T15:54:38.372837,gemma-4-26b-a4b-it,"{
    ""fall_height"": {
        ""value"": ""high (>1.2m)"",
        ""confidence"": 0.7
    },
    ""has_pedestrian_railing"": {
        ""value"": ""No railings"",
        ""confidence"": 0.95
    },
    ""material_frame_tank_body"": {
        ""value"": ""Timber/Wood"",
        ""confidence"": 0.9
    },
    ""number_of_steps"": {
        ""value"": ""medium (10-20)"",
        ""confidence"": 0.8
    },
    ""structure_position"": {
        ""value"": ""At-Grade"",
        ""confidence"": 0.7
    }
}",high (>1.2m),0.7,No railings,0.95,Timber/Wood,0.9,medium (10-20),0.8,At-Grade,0.7,False
86209,2026-05-20T15:55:52.341919,gemma-4-26b-a4b-it,"{
    ""fall_height"": {
        ""value"": ""medium (0.5-1.2m)"",
        ""confidence"": 0.6
    },
    ""has_pedestrian_railing"": {
        ""value"": ""No railings"",
        ""confidence"": 0.9
    },
    ""material_frame_tank_body"": {
        ""value"": ""Timber/Wood"",
        ""confidence"": 0.95
    },
    ""number_of_steps"": {
        ""value"": ""medium (10-20)"",
        ""confidence"": 0.8
    },
    ""structure_position"": {
        ""value"": ""At-Grade"",
        ""confidence"": 0.8
    }
}",medium (0.5-1.2m),0.6,No railings,0.9,Timber/Wood,0.95,medium (10-20),0.8,At-Grade,0.8,False
86246,2026-05-20T15:56:53.083624,gemma-4-26b-a4b-it,"{
    ""fall_height"": {
        ""value"": ""high (>1.2m)"",
        ""confidence"": 0.6
    },
    ""has_pedestrian_railing"": {
        ""value"": ""No railings"",
        ""confidence"": 1.0
    },
    ""material_frame_tank_body"": {
        ""value"": ""Timber/Wood"",
        ""confidence"": 1.0
    },
    ""number_of_steps"": {
        ""value"": ""medium (10-20)"",
        ""confidence"": 0.8
    },
    ""structure_position"": {
        ""value"": ""At-Grade"",
        ""confidence"": 0.8
    }
}",high (>1.2m),0.6,No railings,1.0,Timber/Wood,1.0,medium (10-20),0.8,At-Grade,0.8,False
86259,2026-05-20T15:58:08.898342,gemma-4-26b-a4b-it,"{
""fall_height"": {
""value"": ""high (>1.2m)"",
""confidence"": 0.7
},
""has_pedestrian_railing"": {
""value"": ""1 railing"",
""confidence"": 1.0
},
""material_frame_tank_body"": {
""value"": ""Timber/Wood"",
""confidence"": 0.9
},
""number_of_steps"": {
""value"": ""medium (10-20)"",
""confidence"": 0.8
},
""structure_position"": {
""value"": ""At-Grade"",
""confidence"": 0.8
}
}",high (>1.2m),0.7,1 railing,1.0,Timber/Wood,0.9,medium (10-20),0.8,At-Grade,0.8,False
86617,2026-05-20T15:58:38.119670,gemma-4-26b-a4b-it,"{
    ""fall_height"": {
        ""value"": ""medium (0.5-1.2m)"",
        ""confidence"": 0.8
    },
    ""has_pedestrian_railing"": {
        ""value"": ""No railings"",
        ""confidence"": 1.0
    },
    ""material_frame_tank_body"": {
        ""value"": ""Concrete"",
        ""confidence"": 1.0
    },
    ""number_of_steps"": {
        ""value"": ""few (<10)"",
        ""confidence"": 1.0
    },
    ""structure_position"": {
        ""value"": ""At-Grade"",
        ""confidence"": 0.9
    }
}",medium (0.5-1.2m),0.8,No railings,1.0,Concrete,1.0,few (<10),1.0,At-Grade,0.9,False
86620,2026-05-20T15:59:34.914002,gemma-4-26b-a4b-it,"{
    ""fall_height"": {
        ""value"": ""medium (0.5-1.2m)"",
        ""confidence"": 0.7
    },
    ""has_pedestrian_railing"": {
        ""value"": ""No railings"",
        ""confidence"": 1.0
    },
    ""material_frame_tank_body"": {
        ""value"": ""Concrete"",
        ""confidence"": 1.0
    },
    ""number_of_steps"": {
        ""value"": ""few (<10)"",
        ""confidence"": 1.0
    },
    ""structure_position"": {
        ""value"": ""At-Grade"",
        ""confidence"": 0.8
    }
}",medium (0.5-1.2m),0.7,No railings,1.0,Concrete,1.0,few (<10),1.0,At-Grade,0.8,False
86623,2026-05-20T16:00:31.536176,gemma-4-26b-a4b-it,"{
    ""fall_height"": {
        ""value"": ""medium (0.5-1.2m)"",
        ""confidence"": 0.7
    },
    ""has_pedestrian_railing"": {
        ""value"": ""No railings"",
        ""confidence"": 1.0
    },
    ""material_frame_tank_body"": {
        ""value"": ""Concrete"",
        ""confidence"": 1.0
    },
    ""number_of_steps"": {
        ""value"": ""few (<10)"",
        ""confidence"": 0.9
    },
    ""structure_position"": {
        ""value"": ""At-Grade"",
        ""confidence"": 0.8
    }
}",medium (0.5-1.2m),0.7,No railings,1.0,Concrete,1.0,few (<10),0.9,At-Grade,0.8,False
87005,2026-05-20T16:01:33.432052,gemma-4-26b-a4b-it,"{
    ""fall_height"": {
        ""value"": ""medium (0.5-1.2m)"",
        ""confidence"": 0.7
    },
    ""has_pedestrian_railing"": {
        ""value"": ""2 railings"",
        ""confidence"": 1.0
    },
    ""material_frame_tank_body"": {
        ""value"": ""Rock/Stone"",
        ""confidence"": 1.0
    },
    ""number_of_steps"": {
        ""value"": ""few (<10)"",
        ""confidence"": 1.0
    },
    ""structure_position"": {
        ""value"": ""At-Grade"",
        ""confidence"": 0.8
    }
}",medium (0.5-1.2m),0.7,2 railings,1.0,Rock/Stone,1.0,few (<10),1.0,At-Grade,0.8,False
87019,2026-05-20T16:01:36.915002,gemma-4-26b-a4b-it,,,,,,,,,,,,True
87713,2026-05-20T16:02:46.502340,gemma-4-26b-a4b-it,"{
    ""fall_height"": {
        ""value"": ""medium (0.5-1.2m)"",
        ""confidence"": 0.6
    },
    ""has_pedestrian_railing"": {
        ""value"": ""No railings"",
        ""confidence"": 0.9
    },
    ""material_frame_tank_body"": {
        ""value"": ""Timber/Wood"",
        ""confidence"": 1.0
    },
    ""number_of_steps"": {
        ""value"": ""medium (10-20)"",
        ""confidence"": 0.9
    },
    ""structure_position"": {
        ""value"": ""At-Grade"",
        ""confidence"": 0.8
    }
}",medium (0.5-1.2m),0.6,No railings,0.9,Timber/Wood,1.0,medium (10-20),0.9,At-Grade,0.8,False
87717,2026-05-20T16:03:36.872731,gemma-4-26b-a4b-it,"{
    ""fall_height"": {
        ""value"": ""low (<0.5m)"",
        ""confidence"": 0.9
    },
    ""has_pedestrian_railing"": {
        ""value"": ""No railings"",
        ""confidence"": 0.95
    },
    ""material_frame_tank_body"": {
        ""value"": ""Rock/Stone"",
        ""confidence"": 0.95
    },
    ""number_of_steps"": {
        ""value"": ""few (<10)"",
        ""confidence"": 0.95
    },
    ""structure_position"": {
        ""value"": ""At-Grade"",
        ""confidence"": 0.9
    }
}",low (<0.5m),0.9,No railings,0.95,Rock/Stone,0.95,few (<10),0.95,At-Grade,0.9,False
88086,2026-05-20T16:03:39.545690,gemma-4-26b-a4b-it,,,,,,,,,,,,True
88087,2026-05-20T16:03:42.007792,gemma-4-26b-a4b-it,,,,,,,,,,,,True
88091,2026-05-20T16:04:48.647210,gemma-4-26b-a4b-it,"{
    ""fall_height"": {
        ""value"": ""high (>1.2m)"",
        ""confidence"": 0.7
    },
    ""has_pedestrian_railing"": {
        ""value"": ""No railings"",
        ""confidence"": 1.0
    },
    ""material_frame_tank_body"": {
        ""value"": ""Timber/Wood"",
        ""confidence"": 0.8
    },
    ""number_of_steps"": {
        ""value"": ""medium (10-20)"",
        ""confidence"": 0.9
    },
    ""structure_position"": {
        ""value"": ""At-Grade"",
        ""confidence"": 0.9
    }
}",high (>1.2m),0.7,No railings,1.0,Timber/Wood,0.8,medium (10-20),0.9,At-Grade,0.9,False
88110,2026-05-20T16:05:47.072985,gemma-4-26b-a4b-it,"{
    ""fall_height"": {
        ""value"": ""low (<0.5m)"",
        ""confidence"": 0.9
    },
    ""has_pedestrian_railing"": {
        ""value"": ""No railings"",
        ""confidence"": 1.0
    },
    ""material_frame_tank_body"": {
        ""value"": ""Timber/Wood"",
        ""confidence"": 0.95
    },
    ""number_of_steps"": {
        ""value"": ""few (<10)"",
        ""confidence"": 1.0
    },
    ""structure_position"": {
        ""value"": ""At-Grade"",
        ""confidence"": 0.9
    }
}",low (<0.5m),0.9,No railings,1.0,Timber/Wood,0.95,few (<10),1.0,At-Grade,0.9,False
88111,2026-05-20T16:05:47.072985,gemma-4-26b-a4b-it,,,,,,,,,,,,True
88120,2026-05-20T16:05:47.072985,gemma-4-26b-a4b-it,,,,,,,,,,,,True
88123,2026-05-20T16:05:49.955128,gemma-4-26b-a4b-it,,,,,,,,,,,,True
88137,2026-05-20T16:05:49.955128,gemma-4-26b-a4b-it,,,,,,,,,,,,True
88138,2026-05-20T16:05:49.955128,gemma-4-26b-a4b-it,,,,,,,,,,,,True
88149,2026-05-20T16:05:49.955128,gemma-4-26b-a4b-it,,,,,,,,,,,,True
88161,2026-05-20T16:05:49.966067,gemma-4-26b-a4b-it,,,,,,,,,,,,True
88162,2026-05-20T16:05:49.967876,gemma-4-26b-a4b-it,,,,,,,,,,,,True
88165,2026-05-20T16:05:49.969970,gemma-4-26b-a4b-it,,,,,,,,,,,,True
88172,2026-05-20T16:05:49.970937,gemma-4-26b-a4b-it,,,,,,,,,,,,True
88176,2026-05-20T16:07:09.583989,gemma-4-26b-a4b-it,,,,,,,,,,,,True
88177,2026-05-20T16:07:09.583989,gemma-4-26b-a4b-it,,,,,,,,,,,,True
88178,2026-05-20T16:07:09.583989,gemma-4-26b-a4b-it,,,,,,,,,,,,True
88198,2026-05-20T16:07:09.583989,gemma-4-26b-a4b-it,"{
    ""fall_height"": {
        ""value"": ""medium (0.5-1.2m)"",
        ""confidence"": 0.6
    },
    ""has_pedestrian_railing"": {
        ""value"": ""1 railing"",
        ""confidence"": 0.95
    },
    ""material_frame_tank_body"": {
        ""value"": ""Timber/Wood"",
        ""confidence"": 0.95
    },
    ""number_of_steps"": {
        ""value"": ""medium (10-20)"",
        ""confidence"": 0.85
    },
    ""structure_position"": {
        ""value"": ""At-Grade"",
        ""confidence"": 0.7
    }
}",medium (0.5-1.2m),0.6,1 railing,0.95,Timber/Wood,0.95,medium (10-20),0.85,At-Grade,0.7,False
88205,2026-05-20T16:07:09.595035,gemma-4-26b-a4b-it,,,,,,,,,,,,True
88207,2026-05-20T16:07:09.593315,gemma-4-26b-a4b-it,,,,,,,,,,,,True
88210,2026-05-20T16:10:45.761905,gemma-4-26b-a4b-it,,,,,,,,,,,,True
88271,2026-05-20T16:07:56.100414,gemma-4-26b-a4b-it,"{
""fall_height"": {
""value"": ""low (<0.5m)"",
""confidence"": 0.9
},
""has_pedestrian_railing"": {
""value"": ""No railings"",
""confidence"": 1.0
},
""material_frame_tank_body"": {
""value"": ""Timber/Wood"",
""confidence"": 1.0
},
""number_of_steps"": {
""value"": ""many (>20)"",
""confidence"": 0.9
},
""structure_position"": {
""value"": ""At-Grade"",
""confidence"": 0.8
}
}",low (<0.5m),0.9,No railings,1.0,Timber/Wood,1.0,many (>20),0.9,At-Grade,0.8,False
88398,2026-05-20T16:13:37.606543,gemma-4-26b-a4b-it,,,,,,,,,,,,True
88507,2026-05-20T16:08:44.691378,gemma-4-26b-a4b-it,"```json
{
    ""fall_height"": {
        ""value"": ""medium (0.5-1.2m)"",
        ""confidence"": 0.7
    },
    ""has_pedestrian_railing"": {
        ""value"": ""No railings"",
        ""confidence"": 1.0
    },
    ""material_frame_tank_body"": {
        ""value"": ""Timber/Wood"",
        ""confidence"": 1.0
    },
    ""number_of_steps"": {
        ""value"": ""medium (10-20)"",
        ""confidence"": 0.9
    },
    ""structure_position"": {
        ""value"": ""At-Grade"",
        ""confidence"": 0.8
    }
}
```",medium (0.5-1.2m),0.7,No railings,1.0,Timber/Wood,1.0,medium (10-20),0.9,At-Grade,0.8,False
89201,2026-05-20T16:10:03.683042,gemma-4-26b-a4b-it,"{
    ""fall_height"": {
        ""value"": ""high (>1.2m)"",
        ""confidence"": 0.9
    },
    ""has_pedestrian_railing"": {
        ""value"": ""2 railings"",
        ""confidence"": 0.9
    },
    ""material_frame_tank_body"": {
        ""value"": ""Concrete"",
        ""confidence"": 1.0
    },
    ""number_of_steps"": {
        ""value"": ""many (>20)"",
        ""confidence"": 0.9
    },
    ""structure_position"": {
        ""value"": ""At-Grade"",
        ""confidence"": 0.7
    }
}",high (>1.2m),0.9,2 railings,0.9,Concrete,1.0,many (>20),0.9,At-Grade,0.7,False
89202,2026-05-20T16:10:45.761905,gemma-4-26b-a4b-it,"{
    ""fall_height"": {
        ""value"": ""high (>1.2m)"",
        ""confidence"": 0.9
    },
    ""has_pedestrian_railing"": {
        ""value"": ""1 railing"",
        ""confidence"": 1.0
    },
    ""material_frame_tank_body"": {
        ""value"": ""Concrete"",
        ""confidence"": 1.0
    },
    ""number_of_steps"": {
        ""value"": ""medium (10-20)"",
        ""confidence"": 0.95
    },
    ""structure_position"": {
        ""value"": ""At-Grade"",
        ""confidence"": 0.8
    }
}",high (>1.2m),0.9,1 railing,1.0,Concrete,1.0,medium (10-20),0.95,At-Grade,0.8,False
89332,2026-05-20T16:13:37.612519,gemma-4-26b-a4b-it,,,,,,,,,,,,True
89546,2026-05-20T16:11:01.573289,gemma-4-26b-a4b-it,"{
    ""fall_height"": {
        ""value"": ""low (<0.5m)"",
        ""confidence"": 0.95
    },
    ""has_pedestrian_railing"": {
        ""value"": ""No railings"",
        ""confidence"": 1.0
    },
    ""material_frame_tank_body"": {
        ""value"": ""Concrete"",
        ""confidence"": 0.95
    },
    ""number_of_steps"": {
        ""value"": ""few (<10)"",
        ""confidence"": 1.0
    },
    ""structure_position"": {
        ""value"": ""At-Grade"",
        ""confidence"": 0.9
    }
}",low (<0.5m),0.95,No railings,1.0,Concrete,0.95,few (<10),1.0,At-Grade,0.9,False
89549,2026-05-20T16:11:42.065367,gemma-4-26b-a4b-it,"{
    ""fall_height"": {
        ""value"": ""low (<0.5m)"",
        ""confidence"": 0.7
    },
    ""has_pedestrian_railing"": {
        ""value"": ""No railings"",
        ""confidence"": 1.0
    },
    ""material_frame_tank_body"": {
        ""value"": ""Concrete"",
        ""confidence"": 0.95
    },
    ""number_of_steps"": {
        ""value"": ""few (<10)"",
        ""confidence"": 1.0
    },
    ""structure_position"": {
        ""value"": ""At-Grade"",
        ""confidence"": 0.8
    }
}",low (<0.5m),0.7,No railings,1.0,Concrete,0.95,few (<10),1.0,At-Grade,0.8,False
89561,2026-05-20T16:12:26.869682,gemma-4-26b-a4b-it,"{
    ""fall_height"": {
        ""value"": ""medium (0.5-1.2m)"",
        ""confidence"": 0.8
    },
    ""has_pedestrian_railing"": {
        ""value"": ""No railings"",
        ""confidence"": 1.0
    },
    ""material_frame_tank_body"": {
        ""value"": ""Concrete"",
        ""confidence"": 1.0
    },
    ""number_of_steps"": {
        ""value"": ""few (<10)"",
        ""confidence"": 1.0
    },
    ""structure_position"": {
        ""value"": ""At-Grade"",
        ""confidence"": 0.9
    }
}",medium (0.5-1.2m),0.8,No railings,1.0,Concrete,1.0,few (<10),1.0,At-Grade,0.9,False
89567,2026-05-20T16:13:10.562286,gemma-4-26b-a4b-it,"{
    ""fall_height"": {
        ""value"": ""medium (0.5-1.2m)"",
        ""confidence"": 0.7
    },
    ""has_pedestrian_railing"": {
        ""value"": ""No railings"",
        ""confidence"": 1.0
    },
    ""material_frame_tank_body"": {
        ""value"": ""Concrete"",
        ""confidence"": 1.0
    },
    ""number_of_steps"": {
        ""value"": ""few (<10)"",
        ""confidence"": 1.0
    },
    ""structure_position"": {
        ""value"": ""At-Grade"",
        ""confidence"": 0.9
    }
}",medium (0.5-1.2m),0.7,No railings,1.0,Concrete,1.0,few (<10),1.0,At-Grade,0.9,False
89639,2026-05-20T16:13:37.606543,gemma-4-26b-a4b-it,"{
    ""fall_height"": {
        ""value"": ""low (<0.5m)"",
        ""confidence"": 0.9
    },
    ""has_pedestrian_railing"": {
        ""value"": ""No railings"",
        ""confidence"": 1.0
    },
    ""material_frame_tank_body"": {
        ""value"": ""Rock/Stone"",
        ""confidence"": 1.0
    },
    ""number_of_steps"": {
        ""value"": ""few (<10)"",
        ""confidence"": 1.0
    },
    ""structure_position"": {
        ""value"": ""At-Grade"",
        ""confidence"": 0.9
    }
}",low (<0.5m),0.9,No railings,1.0,Rock/Stone,1.0,few (<10),1.0,At-Grade,0.9,False
89654,2026-05-20T20:55:06.604076,gemma-4-26b-a4b-it,"{
    ""fall_height"": {
        ""value"": ""low (<0.5m)"",
        ""confidence"": 0.7
    },
    ""has_pedestrian_railing"": {
        ""value"": ""No railings"",
        ""confidence"": 1.0
    },
    ""material_frame_tank_body"": {
        ""value"": ""Rock/Stone"",
        ""confidence"": 1.0
    },
    ""number_of_steps"": {
        ""value"": ""few (<10)"",
        ""confidence"": 0.9
    },
    ""structure_position"": {
        ""value"": ""At-Grade"",
        ""confidence"": 0.9
    }
}",low (<0.5m),0.7,No railings,1.0,Rock/Stone,1.0,few (<10),0.9,At-Grade,0.9,False
89716,2026-05-20T20:56:02.717225,gemma-4-26b-a4b-it,"{
    ""fall_height"": {
        ""value"": ""low (<0.5m)"",
        ""confidence"": 0.8
    },
    ""has_pedestrian_railing"": {
        ""value"": ""No railings"",
        ""confidence"": 1.0
    },
    ""material_frame_tank_body"": {
        ""value"": ""Timber/Wood"",
        ""confidence"": 1.0
    },
    ""number_of_steps"": {
        ""value"": ""medium (10-20)"",
        ""confidence"": 0.7
    },
    ""structure_position"": {
        ""value"": ""At-Grade"",
        ""confidence"": 0.9
    }
}",low (<0.5m),0.8,No railings,1.0,Timber/Wood,1.0,medium (10-20),0.7,At-Grade,0.9,False
89718,2026-05-20T16:14:16.067726,gemma-4-26b-a4b-it,"{
    ""fall_height"": {
        ""value"": ""low (<0.5m)"",
        ""confidence"": 0.7
    },
    ""has_pedestrian_railing"": {
        ""value"": ""No railings"",
        ""confidence"": 1.0
    },
    ""material_frame_tank_body"": {
        ""value"": ""Timber/Wood"",
        ""confidence"": 1.0
    },
    ""number_of_steps"": {
        ""value"": ""few (<10)"",
        ""confidence"": 0.9
    },
    ""structure_position"": {
        ""value"": ""At-Grade"",
        ""confidence"": 0.9
    }
}",low (<0.5m),0.7,No railings,1.0,Timber/Wood,1.0,few (<10),0.9,At-Grade,0.9,False
89730,2026-05-20T16:15:30.175823,gemma-4-26b-a4b-it,"{
    ""fall_height"": {
        ""value"": ""high (>1.2m)"",
        ""confidence"": 0.7
    },
    ""has_pedestrian_railing"": {
        ""value"": ""No railings"",
        ""confidence"": 1.0
    },
    ""material_frame_tank_body"": {
        ""value"": ""Timber/Wood"",
        ""confidence"": 1.0
    },
    ""number_of_steps"": {
        ""value"": ""medium (10-20)"",
        ""confidence"": 0.9
    },
    ""structure_position"": {
        ""value"": ""At-Grade"",
        ""confidence"": 0.9
    }
}",high (>1.2m),0.7,No railings,1.0,Timber/Wood,1.0,medium (10-20),0.9,At-Grade,0.9,False
89732,2026-05-20T16:16:11.463465,gemma-4-26b-a4b-it,"{
    ""fall_height"": {
        ""value"": ""low (<0.5m)"",
        ""confidence"": 0.95
    },
    ""has_pedestrian_railing"": {
        ""value"": ""No railings"",
        ""confidence"": 1.0
    },
    ""material_frame_tank_body"": {
        ""value"": ""Timber/Wood"",
        ""confidence"": 0.95
    },
    ""number_of_steps"": {
        ""value"": ""few (<10)"",
        ""confidence"": 1.0
    },
    ""structure_position"": {
        ""value"": ""At-Grade"",
        ""confidence"": 0.9
    }
}",low (<0.5m),0.95,No railings,1.0,Timber/Wood,0.95,few (<10),1.0,At-Grade,0.9,False
89733,2026-05-20T16:16:16.450242,gemma-4-26b-a4b-it,,,,,,,,,,,,True
90350,2026-05-20T16:17:22.592979,gemma-4-26b-a4b-it,"{
    ""fall_height"": {
        ""value"": ""medium (0.5-1.2m)"",
        ""confidence"": 0.5
    },
    ""has_pedestrian_railing"": {
        ""value"": ""1 railing"",
        ""confidence"": 1.0
    },
    ""material_frame_tank_body"": {
        ""value"": ""Timber/Wood"",
        ""confidence"": 0.9
    },
    ""number_of_steps"": {
        ""value"": ""medium (10-20)"",
        ""confidence"": 0.8
    },
    ""structure_position"": {
        ""value"": ""At-Grade"",
        ""confidence"": 0.7
    }
}",medium (0.5-1.2m),0.5,1 railing,1.0,Timber/Wood,0.9,medium (10-20),0.8,At-Grade,0.7,False
91224,2026-05-20T16:19:00.372386,gemma-4-26b-a4b-it,"{
""fall_height"": {
""value"": ""high (>1.2m)"",
""confidence"": 0.7
},
""has_pedestrian_railing"": {
""value"": ""2 railings"",
""confidence"": 1.0
},
""material_frame_tank_body"": {
""value"": ""Rock/Stone"",
""confidence"": 0.95
},
""number_of_steps"": {
""value"": ""few (<10)"",
""confidence"": 0.85
},
""structure_position"": {
""value"": ""At-Grade"",
""confidence"": 0.8
}
}",high (>1.2m),0.7,2 railings,1.0,Rock/Stone,0.95,few (<10),0.85,At-Grade,0.8,False
91434,2026-05-20T16:20:30.969738,gemma-4-26b-a4b-it,"{
    ""fall_height"": {
        ""value"": ""medium (0.5-1.2m)"",
        ""confidence"": 0.6
    },
    ""has_pedestrian_railing"": {
        ""value"": ""1 railing"",
        ""confidence"": 0.95
    },
    ""material_frame_tank_body"": {
        ""value"": ""Timber/Wood"",
        ""confidence"": 1.0
    },
    ""number_of_steps"": {
        ""value"": ""medium (10-20)"",
        ""confidence"": 0.8
    },
    ""structure_position"": {
        ""value"": ""At-Grade"",
        ""confidence"": 0.7
    }
}",medium (0.5-1.2m),0.6,1 railing,0.95,Timber/Wood,1.0,medium (10-20),0.8,At-Grade,0.7,False
92005,2026-05-20T16:21:17.522618,gemma-4-26b-a4b-it,"{
    ""fall_height"": {
        ""value"": ""low (<0.5m)"",
        ""confidence"": 0.7
    },
    ""has_pedestrian_railing"": {
        ""value"": ""No railings"",
        ""confidence"": 1.0
    },
    ""material_frame_tank_body"": {
        ""value"": ""Timber/Wood"",
        ""confidence"": 1.0
    },
    ""number_of_steps"": {
        ""value"": ""many (>20)"",
        ""confidence"": 0.9
    },
    ""structure_position"": {
        ""value"": ""At-Grade"",
        ""confidence"": 0.8
    }
}",low (<0.5m),0.7,No railings,1.0,Timber/Wood,1.0,many (>20),0.9,At-Grade,0.8,False
92007,2026-05-20T16:22:12.673052,gemma-4-26b-a4b-it,"{
    ""fall_height"": {
        ""value"": ""medium (0.5-1.2m)"",
        ""confidence"": 0.6
    },
    ""has_pedestrian_railing"": {
        ""value"": ""No railings"",
        ""confidence"": 1.0
    },
    ""material_frame_tank_body"": {
        ""value"": ""Timber/Wood"",
        ""confidence"": 0.9
    },
    ""number_of_steps"": {
        ""value"": ""few (<10)"",
        ""confidence"": 1.0
    },
    ""structure_position"": {
        ""value"": ""At-Grade"",
        ""confidence"": 0.8
    }
}",medium (0.5-1.2m),0.6,No railings,1.0,Timber/Wood,0.9,few (<10),1.0,At-Grade,0.8,False
92015,2026-05-20T16:23:00.076499,gemma-4-26b-a4b-it,"```json
{
    ""fall_height"": {
        ""value"": ""high (>1.2m)"",
        ""confidence"": 0.7
    },
    ""has_pedestrian_railing"": {
        ""value"": ""1 railing"",
        ""confidence"": 0.8
    },
    ""material_frame_tank_body"": {
        ""value"": ""Timber/Wood"",
        ""confidence"": 0.7
    },
    ""number_of_steps"": {
        ""value"": ""many (>20)"",
        ""confidence"": 0.9
    },
    ""structure_position"": {
        ""value"": ""At-Grade"",
        ""confidence"": 0.8
    }
}
```",high (>1.2m),0.7,1 railing,0.8,Timber/Wood,0.7,many (>20),0.9,At-Grade,0.8,False
92032,2026-05-20T16:24:01.777458,gemma-4-26b-a4b-it,"```json
{
    ""fall_height"": {
        ""value"": ""low (<0.5m)"",
        ""confidence"": 0.9
    },
    ""has_pedestrian_railing"": {
        ""value"": ""No railings"",
        ""confidence"": 1.0
    },
    ""material_frame_tank_body"": {
        ""value"": ""Timber/Wood"",
        ""confidence"": 1.0
    },
    ""number_of_steps"": {
        ""value"": ""few (<10)"",
        ""confidence"": 0.7
    },
    ""structure_position"": {
        ""value"": ""At-Grade"",
        ""confidence"": 0.9
    }
}
```",low (<0.5m),0.9,No railings,1.0,Timber/Wood,1.0,few (<10),0.7,At-Grade,0.9,False
92059,2026-05-20T16:24:38.852049,gemma-4-26b-a4b-it,"{
    ""fall_height"": {
        ""value"": ""medium (0.5-1.2m)"",
        ""confidence"": 0.6
    },
    ""has_pedestrian_railing"": {
        ""value"": ""No railings"",
        ""confidence"": 0.9
    },
    ""material_frame_tank_body"": {
        ""value"": ""Timber/Wood"",
        ""confidence"": 1.0
    },
    ""number_of_steps"": {
        ""value"": ""few (<10)"",
        ""confidence"": 0.9
    },
    ""structure_position"": {
        ""value"": ""At-Grade"",
        ""confidence"": 0.8
    }
}",medium (0.5-1.2m),0.6,No railings,0.9,Timber/Wood,1.0,few (<10),0.9,At-Grade,0.8,False
92076,2026-05-20T16:27:11.452675,gemma-4-26b-a4b-it,"{
""fall_height"": {
""value"": ""high (>1.2m)"",
""confidence"": 0.7
},
""has_pedestrian_railing"": {
""value"": ""No railings"",
""confidence"": 0.95
},
""material_frame_tank_body"": {
""value"": ""Timber/Wood"",
""confidence"": 0.8
},
""number_of_steps"": {
""value"": ""medium (10-20)"",
""confidence"": 0.85
},
""structure_position"": {
""value"": ""Other"",
""confidence"": 0.8
}
}",high (>1.2m),0.7,No railings,0.95,Timber/Wood,0.8,medium (10-20),0.85,Other,0.8,False
92084,2026-05-20T16:27:50.713738,gemma-4-26b-a4b-it,"{
""fall_height"": {
""value"": ""low (<0.5m)"",
""confidence"": 0.9
},
""has_pedestrian_railing"": {
""value"": ""No railings"",
""confidence"": 0.95
},
""material_frame_tank_body"": {
""value"": ""Timber/Wood"",
""confidence"": 1.0
},
""number_of_steps"": {
""value"": ""few (<10)"",
""confidence"": 0.95
},
""structure_position"": {
""value"": ""At-Grade"",
""confidence"": 0.8
}
}",low (<0.5m),0.9,No railings,0.95,Timber/Wood,1.0,few (<10),0.95,At-Grade,0.8,False
92085,2026-05-20T16:28:44.920801,gemma-4-26b-a4b-it,"{
    ""fall_height"": {
        ""value"": ""low (<0.5m)"",
        ""confidence"": 0.7
    },
    ""has_pedestrian_railing"": {
        ""value"": ""No railings"",
        ""confidence"": 1.0
    },
    ""material_frame_tank_body"": {
        ""value"": ""Timber/Wood"",
        ""confidence"": 1.0
    },
    ""number_of_steps"": {
        ""value"": ""medium (10-20)"",
        ""confidence"": 0.8
    },
    ""structure_position"": {
        ""value"": ""At-Grade"",
        ""confidence"": 0.9
    }
}",low (<0.5m),0.7,No railings,1.0,Timber/Wood,1.0,medium (10-20),0.8,At-Grade,0.9,False
92431,2026-05-20T16:31:06.213453,gemma-4-26b-a4b-it,"```json
{
    ""fall_height"": {
        ""value"": ""low (<0.5m)"",
        ""confidence"": 0.8
    },
    ""has_pedestrian_railing"": {
        ""value"": ""1 railing"",
        ""confidence"": 0.9
    },
    ""material_frame_tank_body"": {
        ""value"": ""Concrete"",
        ""confidence"": 0.95
    },
    ""number_of_steps"": {
        ""value"": ""many (>20)"",
        ""confidence"": 0.85
    },
    ""structure_position"": {
        ""value"": ""At-Grade"",
        ""confidence"": 0.9
    }
}
```",low (<0.5m),0.8,1 railing,0.9,Concrete,0.95,many (>20),0.85,At-Grade,0.9,False
92432,2026-05-20T16:32:44.269914,gemma-4-26b-a4b-it,"```json
{
    ""fall_height"": {
        ""value"": ""high"",
        ""confidence"": 0.8
    },
    ""has_pedestrian_railing"": {
        ""value"": ""2 railings"",
        ""confidence"": 1.0
    },
    ""material_frame_tank_body"": {
        ""value"": ""Timber/Wood"",
        ""confidence"": 0.9
    },
    ""number_of_steps"": {
        ""value"": ""many (>20)"",
        ""confidence"": 1.0
    },
    ""structure_position"": {
        ""value"": ""At-Grade"",
        ""confidence"": 0.8
    }
}
```",high,0.8,2 railings,1.0,Timber/Wood,0.9,many (>20),1.0,At-Grade,0.8,False
92433,2026-05-20T16:33:57.137442,gemma-4-26b-a4b-it,"{
    ""fall_height"": {
        ""value"": ""low (<0.5m)"",
        ""confidence"": 0.8
    },
    ""has_pedestrian_railing"": {
        ""value"": ""No railings"",
        ""confidence"": 1.0
    },
    ""material_frame_tank_body"": {
        ""value"": ""Timber/Wood"",
        ""confidence"": 1.0
    },
    ""number_of_steps"": {
        ""value"": ""medium (10-20)"",
        ""confidence"": 0.9
    },
    ""structure_position"": {
        ""value"": ""At-Grade"",
        ""confidence"": 0.9
    }
}",low (<0.5m),0.8,No railings,1.0,Timber/Wood,1.0,medium (10-20),0.9,At-Grade,0.9,False
92434,2026-05-20T16:35:29.978955,gemma-4-26b-a4b-it,"```json
{
    ""fall_height"": {
        ""value"": ""high (>1.2m)"",
        ""confidence"": 0.9
    },
    ""has_pedestrian_railing"": {
        ""value"": ""2 railings"",
        ""confidence"": 1.0
    },
    ""material_frame_tank_body"": {
        ""value"": ""Timber/Wood"",
        ""confidence"": 1.0
    },
    ""number_of_steps"": {
        ""value"": ""many (>20)"",
        ""confidence"": 0.95
    },
    ""structure_position"": {
        ""value"": ""Elevated"",
        ""confidence"": 1.0
    }
}
```",high (>1.2m),0.9,2 railings,1.0,Timber/Wood,1.0,many (>20),0.95,Elevated,1.0,False
92436,2026-05-20T16:36:44.907966,gemma-4-26b-a4b-it,"{
    ""fall_height"": {
        ""value"": ""high (>1.2m)"",
        ""confidence"": 0.9
    },
    ""has_pedestrian_railing"": {
        ""value"": ""1 railing"",
        ""confidence"": 1.0
    },
    ""material_frame_tank_body"": {
        ""value"": ""Timber/Wood"",
        ""confidence"": 0.9
    },
    ""number_of_steps"": {
        ""value"": ""many (>20)"",
        ""confidence"": 1.0
    },
    ""structure_position"": {
        ""value"": ""At-Grade"",
        ""confidence"": 0.8
    }
}",high (>1.2m),0.9,1 railing,1.0,Timber/Wood,0.9,many (>20),1.0,At-Grade,0.8,False
92806,2026-05-20T16:38:01.440034,gemma-4-26b-a4b-it,"{
    ""fall_height"": {
        ""value"": ""medium (0.5-1.2m)"",
        ""confidence"": 0.5
    },
    ""has_pedestrian_railing"": {
        ""value"": ""1 railing"",
        ""confidence"": 0.8
    },
    ""material_frame_tank_body"": {
        ""value"": ""Rock/Stone"",
        ""confidence"": 0.95
    },
    ""number_of_steps"": {
        ""value"": ""many (>20)"",
        ""confidence"": 0.8
    },
    ""structure_position"": {
        ""value"": ""At-Grade"",
        ""confidence"": 0.95
    }
}",medium (0.5-1.2m),0.5,1 railing,0.8,Rock/Stone,0.95,many (>20),0.8,At-Grade,0.95,False
92807,2026-05-20T16:40:00.456002,gemma-4-26b-a4b-it,"{
    ""fall_height"": {
        ""value"": ""low (<0.5m)"",
        ""confidence"": 0.7
    },
    ""has_pedestrian_railing"": {
        ""value"": ""1 railing"",
        ""confidence"": 0.95
    },
    ""material_frame_tank_body"": {
        ""value"": ""Rock/Stone"",
        ""confidence"": 0.9
    },
    ""number_of_steps"": {
        ""value"": ""few (<10)"",
        ""confidence"": 0.8
    },
    ""structure_position"": {
        ""value"": ""At-Grade"",
        ""confidence"": 0.95
    }
}",low (<0.5m),0.7,1 railing,0.95,Rock/Stone,0.9,few (<10),0.8,At-Grade,0.95,False
92939,2026-05-20T16:40:41.499257,gemma-4-26b-a4b-it,"{
    ""fall_height"": {
        ""value"": ""low (<0.5m)"",
        ""confidence"": 0.9
    },
    ""has_pedestrian_railing"": {
        ""value"": ""No railings"",
        ""confidence"": 1.0
    },
    ""material_frame_tank_body"": {
        ""value"": ""Timber/Wood"",
        ""confidence"": 0.9
    },
    ""number_of_steps"": {
        ""value"": ""few (<10)"",
        ""confidence"": 0.7
    },
    ""structure_position"": {
        ""value"": ""At-Grade"",
        ""confidence"": 0.9
    }
}",low (<0.5m),0.9,No railings,1.0,Timber/Wood,0.9,few (<10),0.7,At-Grade,0.9,False
93352,2026-05-20T16:42:11.431881,gemma-4-26b-a4b-it,"{
    ""fall_height"": {
        ""value"": ""unable to determine"",
        ""confidence"": 0.0
    },
    ""has_pedestrian_railing"": {
        ""value"": ""2 railings"",
        ""confidence"": 1.0
    },
    ""material_frame_tank_body"": {
        ""value"": ""Rock/Stone"",
        ""confidence"": 1.0
    },
    ""number_of_steps"": {
        ""value"": ""medium (10-20)"",
        ""confidence"": 0.8
    },
    ""structure_position"": {
        ""value"": ""At-Grade"",
        ""confidence"": 0.9
    }
}",unable to determine,0.0,2 railings,1.0,Rock/Stone,1.0,medium (10-20),0.8,At-Grade,0.9,False
93359,2026-05-20T16:43:23.165315,gemma-4-26b-a4b-it,"{
    ""fall_height"": {
    ""value"": ""medium (0.5-1.2m)"",
    ""confidence"": 0.8
    },
    ""has_pedestrian_railing"": {
    ""value"": ""1 railing"",
    ""confidence"": 1.0
    },
    ""material_frame_tank_body"": {
    ""value"": ""Concrete"",
    ""confidence"": 0.8
    },
    ""number_of_steps"": {
    ""value"": ""few (<10)"",
    ""confidence"": 1.0
    },
    ""structure_position"": {
    ""value"": ""At-Grade"",
    ""confidence"": 0.8
    }
}",medium (0.5-1.2m),0.8,1 railing,1.0,Concrete,0.8,few (<10),1.0,At-Grade,0.8,False
94135,2026-05-20T16:43:56.552674,gemma-4-26b-a4b-it,"{
    ""fall_height"": {
        ""value"": ""low (<0.5m)"",
        ""confidence"": 0.7
    },
    ""has_pedestrian_railing"": {
        ""value"": ""No railings"",
        ""confidence"": 1.0
    },
    ""material_frame_tank_body"": {
        ""value"": ""Concrete"",
        ""confidence"": 0.9
    },
    ""number_of_steps"": {
        ""value"": ""few (<10)"",
        ""confidence"": 1.0
    },
    ""structure_position"": {
        ""value"": ""At-Grade"",
        ""confidence"": 0.9
    }
}",low (<0.5m),0.7,No railings,1.0,Concrete,0.9,few (<10),1.0,At-Grade,0.9,False
94137,2026-05-20T16:44:45.769946,gemma-4-26b-a4b-it,"```json
{
    ""fall_height"": {
        ""value"": ""low (<0.5m)"",
        ""confidence"": 0.9
    },
    ""has_pedestrian_railing"": {
        ""value"": ""No railings"",
        ""confidence"": 1.0
    },
    ""material_frame_tank_body"": {
        ""value"": ""Timber/Wood"",
        ""confidence"": 0.7
    },
    ""number_of_steps"": {
        ""value"": ""few (<10)"",
        ""confidence"": 1.0
    },
    ""structure_position"": {
        ""value"": ""At-Grade"",
        ""confidence"": 0.9
    }
}
```",low (<0.5m),0.9,No railings,1.0,Timber/Wood,0.7,few (<10),1.0,At-Grade,0.9,False
94175,2026-05-20T16:46:06.884100,gemma-4-26b-a4b-it,"{
""fall_height"": {
""value"": ""high (>1.2m)"",
""confidence"": 0.8
},
""has_pedestrian_railing"": {
""value"": ""2 railings"",
""confidence"": 0.9
},
""material_frame_tank_body"": {
""value"": ""Timber/Wood"",
""confidence"": 1.0
},
""number_of_steps"": {
""value"": ""medium (10-20)"",
""confidence"": 0.9
},
""structure_position"": {
""value"": ""Elevated"",
""confidence"": 0.8
}
}",high (>1.2m),0.8,2 railings,0.9,Timber/Wood,1.0,medium (10-20),0.9,Elevated,0.8,False
94176,2026-05-20T16:46:46.547369,gemma-4-26b-a4b-it,"{
    ""fall_height"": {
        ""value"": ""high (>1.2m)"",
        ""confidence"": 0.7
    },
    ""has_pedestrian_railing"": {
        ""value"": ""1 railing"",
        ""confidence"": 1.0
    },
    ""material_frame_tank_body"": {
        ""value"": ""Timber/Wood"",
        ""confidence"": 1.0
    },
    ""number_of_steps"": {
        ""value"": ""few (<10)"",
        ""confidence"": 0.9
    },
    ""structure_position"": {
        ""value"": ""Other"",
        ""confidence"": 0.7
    }
}",high (>1.2m),0.7,1 railing,1.0,Timber/Wood,1.0,few (<10),0.9,Other,0.7,False
94301,2026-05-20T16:47:34.233152,gemma-4-26b-a4b-it,"{
    ""fall_height"": {
        ""value"": ""high (>1.2m)"",
        ""confidence"": 0.7
    },
    ""has_pedestrian_railing"": {
        ""value"": ""2 railings"",
        ""confidence"": 0.9
    },
    ""material_frame_tank_body"": {
        ""value"": ""Timber/Wood"",
        ""confidence"": 1.0
    },
    ""number_of_steps"": {
        ""value"": ""few (<10)"",
        ""confidence"": 0.95
    },
    ""structure_position"": {
        ""value"": ""Elevated"",
        ""confidence"": 0.8
    }
}",high (>1.2m),0.7,2 railings,0.9,Timber/Wood,1.0,few (<10),0.95,Elevated,0.8,False
94302,2026-05-20T16:48:23.718709,gemma-4-26b-a4b-it,"{
    ""fall_height"": {
        ""value"": ""high (>1.2m)"",
        ""confidence"": 0.7
    },
    ""has_pedestrian_railing"": {
        ""value"": ""No railings"",
        ""confidence"": 1.0
    },
    ""material_frame_tank_body"": {
        ""value"": ""Timber/Wood"",
        ""confidence"": 1.0
    },
    ""number_of_steps"": {
        ""value"": ""medium (10-20)"",
        ""confidence"": 0.8
    },
    ""structure_position"": {
        ""value"": ""At-Grade"",
        ""confidence"": 0.9
    }
}",high (>1.2m),0.7,No railings,1.0,Timber/Wood,1.0,medium (10-20),0.8,At-Grade,0.9,False
94307,2026-05-20T16:49:13.700014,gemma-4-26b-a4b-it,"{
    ""fall_height"": {
        ""value"": ""unable to determine"",
        ""confidence"": 0.0
    },
    ""has_pedestrian_railing"": {
        ""value"": ""unable to determine"",
        ""confidence"": 0.0
    },
    ""material_frame_tank_body"": {
        ""value"": ""Timber/Wood"",
        ""confidence"": 1.0
    },
    ""number_of_steps"": {
        ""value"": ""unable to determine"",
        ""confidence"": 0.0
    },
    ""structure_position"": {
        ""value"": ""unable to determine"",
        ""confidence"": 0.0
    }
}",unable to determine,0.0,unable to determine,0.0,Timber/Wood,1.0,unable to determine,0.0,unable to determine,0.0,False
94308,2026-05-20T16:50:06.001543,gemma-4-26b-a4b-it,"{
    ""fall_height"": {
        ""value"": ""low (<0.5m)"",
        ""confidence"": 0.8
    },
    ""has_pedestrian_railing"": {
        ""value"": ""No railings"",
        ""confidence"": 1.0
    },
    ""material_frame_tank_body"": {
        ""value"": ""Timber/Wood"",
        ""confidence"": 0.9
    },
    ""number_of_steps"": {
        ""value"": ""few (<10)"",
        ""confidence"": 0.7
    },
    ""structure_position"": {
        ""value"": ""At-Grade"",
        ""confidence"": 0.8
    }
}",low (<0.5m),0.8,No railings,1.0,Timber/Wood,0.9,few (<10),0.7,At-Grade,0.8,False
94318,2026-05-20T16:50:38.328018,gemma-4-26b-a4b-it,"{
""fall_height"": {
""value"": ""low (<0.5m)"",
""confidence"": 0.9
},
""has_pedestrian_railing"": {
""value"": ""No railings"",
""confidence"": 1.0
},
""material_frame_tank_body"": {
""value"": ""Timber/Wood"",
""confidence"": 1.0
},
""number_of_steps"": {
""value"": ""few (<10)"",
""confidence"": 0.8
},
""structure_position"": {
""value"": ""At-Grade"",
""confidence"": 0.8
}
}",low (<0.5m),0.9,No railings,1.0,Timber/Wood,1.0,few (<10),0.8,At-Grade,0.8,False
94328,2026-05-20T16:51:18.031743,gemma-4-26b-a4b-it,"{
    ""fall_height"": {
        ""value"": ""high (>1.2m)"",
        ""confidence"": 0.7
    },
    ""has_pedestrian_railing"": {
        ""value"": ""No railings"",
        ""confidence"": 0.95
    },
    ""material_frame_tank_body"": {
        ""value"": ""Timber/Wood"",
        ""confidence"": 0.98
    },
    ""number_of_steps"": {
        ""value"": ""few (<10)"",
        ""confidence"": 0.95
    },
    ""structure_position"": {
        ""value"": ""At-Grade"",
        ""confidence"": 0.8
    }
}",high (>1.2m),0.7,No railings,0.95,Timber/Wood,0.98,few (<10),0.95,At-Grade,0.8,False
94330,2026-05-20T16:52:14.264227,gemma-4-26b-a4b-it,"{
    ""fall_height"": {
        ""value"": ""low (<0.5m)"",
        ""confidence"": 0.5
    },
    ""has_pedestrian_railing"": {
        ""value"": ""No railings"",
        ""confidence"": 1.0
    },
    ""material_frame_tank_body"": {
        ""value"": ""Timber/Wood"",
        ""confidence"": 0.95
    },
    ""number_of_steps"": {
        ""value"": ""few (<10)"",
        ""confidence"": 0.8
    },
    ""structure_position"": {
        ""value"": ""At-Grade"",
        ""confidence"": 0.9
    }
}",low (<0.5m),0.5,No railings,1.0,Timber/Wood,0.95,few (<10),0.8,At-Grade,0.9,False
94332,2026-05-20T16:53:04.162746,gemma-4-26b-a4b-it,"{
    ""fall_height"": {
    ""value"": ""low (<0.5m)"",
    ""confidence"": 0.6
    },
    ""has_pedestrian_railing"": {
    ""value"": ""1 railing"",
    ""confidence"": 0.8
    },
    ""material_frame_tank_body"": {
    ""value"": ""Timber/Wood"",
    ""confidence"": 1.0
    },
    ""number_of_steps"": {
    ""value"": ""few (<10)"",
    ""confidence"": 0.9
    },
    ""structure_position"": {
    ""value"": ""At-Grade"",
    ""confidence"": 0.7
    }
}",low (<0.5m),0.6,1 railing,0.8,Timber/Wood,1.0,few (<10),0.9,At-Grade,0.7,False
94333,2026-05-20T16:53:08.405567,gemma-4-26b-a4b-it,,,,,,,,,,,,True
94334,2026-05-20T16:53:52.505040,gemma-4-26b-a4b-it,"{
""fall_height"": {
""value"": ""low (<0.5m)"",
""confidence"": 0.8
},
""has_pedestrian_railing"": {
""value"": ""No railings"",
""confidence"": 0.95
},
""material_frame_tank_body"": {
""value"": ""Timber/Wood"",
""confidence"": 1.0
},
""number_of_steps"": {
""value"": ""few (<10)"",
""confidence"": 0.9
},
""structure_position"": {
""value"": ""At-Grade"",
""confidence"": 0.8
}
}",low (<0.5m),0.8,No railings,0.95,Timber/Wood,1.0,few (<10),0.9,At-Grade,0.8,False
94339,2026-05-20T16:53:55.776738,gemma-4-26b-a4b-it,,,,,,,,,,,,True
94341,2026-05-20T16:54:27.532393,gemma-4-26b-a4b-it,"{
    ""fall_height"": {
        ""value"": ""low (<0.5m)"",
        ""confidence"": 0.8
    },
    ""has_pedestrian_railing"": {
        ""value"": ""No railings"",
        ""confidence"": 1.0
    },
    ""material_frame_tank_body"": {
        ""value"": ""Timber/Wood"",
        ""confidence"": 1.0
    },
    ""number_of_steps"": {
        ""value"": ""few (<10)"",
        ""confidence"": 0.9
    },
    ""structure_position"": {
        ""value"": ""At-Grade"",
        ""confidence"": 0.9
    }
}",low (<0.5m),0.8,No railings,1.0,Timber/Wood,1.0,few (<10),0.9,At-Grade,0.9,False
94343,2026-05-20T16:55:14.421088,gemma-4-26b-a4b-it,"{
    ""fall_height"": {
        ""value"": ""low (<0.5m)"",
        ""confidence"": 0.5
    },
    ""has_pedestrian_railing"": {
        ""value"": ""No railings"",
        ""confidence"": 1.0
    },
    ""material_frame_tank_body"": {
        ""value"": ""Timber/Wood"",
        ""confidence"": 1.0
    },
    ""number_of_steps"": {
        ""value"": ""few (<10)"",
        ""confidence"": 1.0
    },
    ""structure_position"": {
        ""value"": ""Other"",
        ""confidence"": 0.8
    }
}",low (<0.5m),0.5,No railings,1.0,Timber/Wood,1.0,few (<10),1.0,Other,0.8,False
94369,2026-05-20T16:55:45.313470,gemma-4-26b-a4b-it,"{
    ""fall_height"": {
        ""value"": ""low (<0.5m)"",
        ""confidence"": 0.9
    },
    ""has_pedestrian_railing"": {
        ""value"": ""No railings"",
        ""confidence"": 1.0
    },
    ""material_frame_tank_body"": {
        ""value"": ""Timber/Wood"",
        ""confidence"": 1.0
    },
    ""number_of_steps"": {
        ""value"": ""few (<10)"",
        ""confidence"": 0.9
    },
    ""structure_position"": {
        ""value"": ""At-Grade"",
        ""confidence"": 0.9
    }
}",low (<0.5m),0.9,No railings,1.0,Timber/Wood,1.0,few (<10),0.9,At-Grade,0.9,False
94398,2026-05-20T16:57:07.735526,gemma-4-26b-a4b-it,"{
    ""fall_height"": {
        ""value"": ""high (>1.2m)"",
        ""confidence"": 0.7
    },
    ""has_pedestrian_railing"": {
        ""value"": ""1 railing"",
        ""confidence"": 0.9
    },
    ""material_frame_tank_body"": {
        ""value"": ""Timber/Wood"",
        ""confidence"": 1.0
    },
    ""number_of_steps"": {
        ""value"": ""many (>20)"",
        ""confidence"": 0.8
    },
    ""structure_position"": {
        ""value"": ""Elevated"",
        ""confidence"": 0.7
    }
}",high (>1.2m),0.7,1 railing,0.9,Timber/Wood,1.0,many (>20),0.8,Elevated,0.7,False
94401,2026-05-20T16:58:01.464424,gemma-4-26b-a4b-it,"{
    ""fall_height"": {
        ""value"": ""medium (0.5-1.2m)"",
        ""confidence"": 0.5
    },
    ""has_pedestrian_railing"": {
        ""value"": ""No railings"",
        ""confidence"": 0.95
    },
    ""material_frame_tank_body"": {
        ""value"": ""Concrete"",
        ""confidence"": 0.8
    },
    ""number_of_steps"": {
        ""value"": ""many (>20)"",
        ""confidence"": 0.6
    },
    ""structure_position"": {
        ""value"": ""At-Grade"",
        ""confidence"": 0.8
    }
}",medium (0.5-1.2m),0.5,No railings,0.95,Concrete,0.8,many (>20),0.6,At-Grade,0.8,False
94402,2026-05-20T16:58:40.349245,gemma-4-26b-a4b-it,"```json
{
    ""fall_height"": {
        ""value"": ""medium (0.5-1.2m)"",
        ""confidence"": 0.6
    },
    ""has_pedestrian_railing"": {
        ""value"": ""No railings"",
        ""confidence"": 1.0
    },
    ""material_frame_tank_body"": {
        ""value"": ""Concrete"",
        ""confidence"": 0.8
    },
    ""number_of_steps"": {
        ""value"": ""few (<10)"",
        ""confidence"": 0.9
    },
    ""structure_position"": {
        ""value"": ""At-Grade"",
        ""confidence"": 0.8
    }
}
```",medium (0.5-1.2m),0.6,No railings,1.0,Concrete,0.8,few (<10),0.9,At-Grade,0.8,False
94404,2026-05-20T16:59:07.720026,gemma-4-26b-a4b-it,"{
    ""fall_height"": {
        ""value"": ""low (<0.5m)"",
        ""confidence"": 0.9
    },
    ""has_pedestrian_railing"": {
        ""value"": ""No railings"",
        ""confidence"": 0.95
    },
    ""material_frame_tank_body"": {
        ""value"": ""Timber/Wood"",
        ""confidence"": 1.0
    },
    ""number_of_steps"": {
        ""value"": ""few (<10)"",
        ""confidence"": 0.9
    },
    ""structure_position"": {
        ""value"": ""At-Grade"",
        ""confidence"": 0.9
    }
}",low (<0.5m),0.9,No railings,0.95,Timber/Wood,1.0,few (<10),0.9,At-Grade,0.9,False
94417,2026-05-20T17:00:13.142259,gemma-4-26b-a4b-it,"{
    ""fall_height"": {
        ""value"": ""low (<0.5m)"",
        ""confidence"": 0.5
    },
    ""has_pedestrian_railing"": {
        ""value"": ""No railings"",
        ""confidence"": 1.0
    },
    ""material_frame_tank_body"": {
        ""value"": ""Timber/Wood"",
        ""confidence"": 0.95
    },
    ""number_of_steps"": {
        ""value"": ""few (<10)"",
        ""confidence"": 0.8
    },
    ""structure_position"": {
        ""value"": ""At-Grade"",
        ""confidence"": 0.9
    }
}",low (<0.5m),0.5,No railings,1.0,Timber/Wood,0.95,few (<10),0.8,At-Grade,0.9,False
94419,2026-05-20T17:00:59.885591,gemma-4-26b-a4b-it,"{
    ""fall_height"": {
        ""value"": ""low (<0.5m)"",
        ""confidence"": 0.6
    },
    ""has_pedestrian_railing"": {
        ""value"": ""No railings"",
        ""confidence"": 1.0
    },
    ""material_frame_tank_body"": {
        ""value"": ""Natural Surface"",
        ""confidence"": 0.9
    },
    ""number_of_steps"": {
        ""value"": ""few (<10)"",
        ""confidence"": 0.8
    },
    ""structure_position"": {
        ""value"": ""At-Grade"",
        ""confidence"": 0.7
    }
}",low (<0.5m),0.6,No railings,1.0,Natural Surface,0.9,few (<10),0.8,At-Grade,0.7,False
96803,2026-05-20T17:01:50.312832,gemma-4-26b-a4b-it,"{
    ""fall_height"": {
        ""value"": ""high (>1.2m)"",
        ""confidence"": 0.7
    },
    ""has_pedestrian_railing"": {
        ""value"": ""1 railing"",
        ""confidence"": 0.9
    },
    ""material_frame_tank_body"": {
        ""value"": ""Timber/Wood"",
        ""confidence"": 1.0
    },
    ""number_of_steps"": {
        ""value"": ""medium (10-20)"",
        ""confidence"": 0.9
    },
    ""structure_position"": {
        ""value"": ""Elevated"",
        ""confidence"": 0.8
    }
}",high (>1.2m),0.7,1 railing,0.9,Timber/Wood,1.0,medium (10-20),0.9,Elevated,0.8,False
97124,2026-05-20T17:02:29.914425,gemma-4-26b-a4b-it,"{
    ""fall_height"": {
        ""value"": ""low (<0.5m)"",
        ""confidence"": 0.8
    },
    ""has_pedestrian_railing"": {
        ""value"": ""No railings"",
        ""confidence"": 1.0
    },
    ""material_frame_tank_body"": {
        ""value"": ""Timber/Wood"",
        ""confidence"": 1.0
    },
    ""number_of_steps"": {
        ""value"": ""medium (10-20)"",
        ""confidence"": 0.7
    },
    ""structure_position"": {
        ""value"": ""At-Grade"",
        ""confidence"": 0.9
    }
}",low (<0.5m),0.8,No railings,1.0,Timber/Wood,1.0,medium (10-20),0.7,At-Grade,0.9,False
98299,2026-05-20T17:02:59.759485,gemma-4-26b-a4b-it,"{
    ""fall_height"": {
        ""value"": ""low (<0.5m)"",
        ""confidence"": 0.95
    },
    ""has_pedestrian_railing"": {
        ""value"": ""No railings"",
        ""confidence"": 1.0
    },
    ""material_frame_tank_body"": {
        ""value"": ""Concrete"",
        ""confidence"": 0.95
    },
    ""number_of_steps"": {
        ""value"": ""few (<10)"",
        ""confidence"": 1.0
    },
    ""structure_position"": {
        ""value"": ""At-Grade"",
        ""confidence"": 0.8
    }
}",low (<0.5m),0.95,No railings,1.0,Concrete,0.95,few (<10),1.0,At-Grade,0.8,False
98951,2026-05-20T17:04:18.072435,gemma-4-26b-a4b-it,"```json
{
    ""fall_height"": {
        ""value"": ""high (>1.2m)"",
        ""confidence"": 0.8
    },
    ""has_pedestrian_railing"": {
        ""value"": ""2 railings"",
        ""confidence"": 1.0
    },
    ""material_frame_tank_body"": {
        ""value"": ""Concrete"",
        ""confidence"": 0.9
    },
    ""number_of_steps"": {
        ""value"": ""many (>20)"",
        ""confidence"": 0.8
    },
    ""structure_position"": {
        ""value"": ""Other"",
        ""confidence"": 0.7
    }
}
```",high (>1.2m),0.8,2 railings,1.0,Concrete,0.9,many (>20),0.8,Other,0.7,False
100301,2026-05-20T17:05:26.017818,gemma-4-26b-a4b-it,"{
    ""fall_height"": {
        ""value"": ""medium (0.5-1.2m)"",
        ""confidence"": 0.7
    },
    ""has_pedestrian_railing"": {
        ""value"": ""No railings"",
        ""confidence"": 1.0
    },
    ""material_frame_tank_body"": {
        ""value"": ""Concrete"",
        ""confidence"": 0.9
    },
    ""number_of_steps"": {
        ""value"": ""few (<10)"",
        ""confidence"": 1.0
    },
    ""structure_position"": {
        ""value"": ""At-Grade"",
        ""confidence"": 0.8
    }
}",medium (0.5-1.2m),0.7,No railings,1.0,Concrete,0.9,few (<10),1.0,At-Grade,0.8,False
100302,2026-05-20T17:05:56.637925,gemma-4-26b-a4b-it,"{
    ""fall_height"": {
        ""value"": ""low (<0.5m)"",
        ""confidence"": 0.95
    },
    ""has_pedestrian_railing"": {
        ""value"": ""No railings"",
        ""confidence"": 1.0
    },
    ""material_frame_tank_body"": {
        ""value"": ""Concrete"",
        ""confidence"": 0.95
    },
    ""number_of_steps"": {
        ""value"": ""few (<10)"",
        ""confidence"": 1.0
    },
    ""structure_position"": {
        ""value"": ""At-Grade"",
        ""confidence"": 0.95
    }
}",low (<0.5m),0.95,No railings,1.0,Concrete,0.95,few (<10),1.0,At-Grade,0.95,False
101016,2026-05-20T17:06:42.792216,gemma-4-26b-a4b-it,"{
    ""fall_height"": {
        ""value"": ""high (>1.2m)"",
        ""confidence"": 0.7
    },
    ""has_pedestrian_railing"": {
        ""value"": ""No railings"",
        ""confidence"": 1.0
    },
    ""material_frame_tank_body"": {
        ""value"": ""Rock/Stone"",
        ""confidence"": 1.0
    },
    ""number_of_steps"": {
        ""value"": ""many (>20)"",
        ""confidence"": 0.8
    },
    ""structure_position"": {
        ""value"": ""Other"",
        ""confidence"": 0.8
    }
}",high (>1.2m),0.7,No railings,1.0,Rock/Stone,1.0,many (>20),0.8,Other,0.8,False
101027,2026-05-20T17:07:30.602669,gemma-4-26b-a4b-it,"{
    ""fall_height"": {
        ""value"": ""medium (0.5-1.2m)"",
        ""confidence"": 0.7
    },
    ""has_pedestrian_railing"": {
        ""value"": ""No railings"",
        ""confidence"": 1.0
    },
    ""material_frame_tank_body"": {
        ""value"": ""Rock/Stone"",
        ""confidence"": 1.0
    },
    ""number_of_steps"": {
        ""value"": ""few (<10)"",
        ""confidence"": 0.9
    },
    ""structure_position"": {
        ""value"": ""At-Grade"",
        ""confidence"": 0.8
    }
}",medium (0.5-1.2m),0.7,No railings,1.0,Rock/Stone,1.0,few (<10),0.9,At-Grade,0.8,False
101031,2026-05-20T17:08:23.703770,gemma-4-26b-a4b-it,"{
    ""fall_height"": {
        ""value"": ""high (>1.2m)"",
        ""confidence"": 0.8
    },
    ""has_pedestrian_railing"": {
        ""value"": ""No railings"",
        ""confidence"": 1.0
    },
    ""material_frame_tank_body"": {
        ""value"": ""Rock/Stone"",
        ""confidence"": 1.0
    },
    ""number_of_steps"": {
        ""value"": ""many (>20)"",
        ""confidence"": 0.7
    },
    ""structure_position"": {
        ""value"": ""Other"",
        ""confidence"": 0.8
    }
}",high (>1.2m),0.8,No railings,1.0,Rock/Stone,1.0,many (>20),0.7,Other,0.8,False
101066,2026-05-20T17:09:03.006692,gemma-4-26b-a4b-it,"{
    ""fall_height"": {
        ""value"": ""high (>1.2m)"",
        ""confidence"": 0.9
    },
    ""has_pedestrian_railing"": {
        ""value"": ""No railings"",
        ""confidence"": 1.0
    },
    ""material_frame_tank_body"": {
        ""value"": ""Rock/Stone"",
        ""confidence"": 0.95
    },
    ""number_of_steps"": {
        ""value"": ""medium (10-20)"",
        ""confidence"": 0.85
    },
    ""structure_position"": {
        ""value"": ""At-Grade"",
        ""confidence"": 0.7
    }
}",high (>1.2m),0.9,No railings,1.0,Rock/Stone,0.95,medium (10-20),0.85,At-Grade,0.7,False
101380,2026-05-20T17:10:11.523157,gemma-4-26b-a4b-it,"{
    ""fall_height"": {
        ""value"": ""medium (0.5-1.2m)"",
        ""confidence"": 0.7
    },
    ""has_pedestrian_railing"": {
        ""value"": ""2 railings"",
        ""confidence"": 1.0
    },
    ""material_frame_tank_body"": {
        ""value"": ""Timber/Wood"",
        ""confidence"": 1.0
    },
    ""number_of_steps"": {
        ""value"": ""medium (10-20)"",
        ""confidence"": 0.9
    },
    ""structure_position"": {
        ""value"": ""At-Grade"",
        ""confidence"": 0.8
    }
}",medium (0.5-1.2m),0.7,2 railings,1.0,Timber/Wood,1.0,medium (10-20),0.9,At-Grade,0.8,False
101396,2026-05-20T17:10:59.659498,gemma-4-26b-a4b-it,"{
    ""fall_height"": {
        ""value"": ""medium (0.5-1.2m)"",
        ""confidence"": 0.7
    },
    ""has_pedestrian_railing"": {
        ""value"": ""1 railing"",
        ""confidence"": 0.95
    },
    ""material_frame_tank_body"": {
        ""value"": ""Timber/Wood"",
        ""confidence"": 1.0
    },
    ""number_of_steps"": {
        ""value"": ""few (<10)"",
        ""confidence"": 0.95
    },
    ""structure_position"": {
        ""value"": ""At-Grade"",
        ""confidence"": 0.8
    }
}",medium (0.5-1.2m),0.7,1 railing,0.95,Timber/Wood,1.0,few (<10),0.95,At-Grade,0.8,False
101449,2026-05-20T17:11:54.274682,gemma-4-26b-a4b-it,"{
    ""fall_height"": {
        ""value"": ""medium (0.5-1.2m)"",
        ""confidence"": 0.6
    },
    ""has_pedestrian_railing"": {
        ""value"": ""1 railing"",
        ""confidence"": 0.9
    },
    ""material_frame_tank_body"": {
        ""value"": ""Rock/Stone"",
        ""confidence"": 0.8
    },
    ""number_of_steps"": {
        ""value"": ""few (<10)"",
        ""confidence"": 0.9
    },
    ""structure_position"": {
        ""value"": ""At-Grade"",
        ""confidence"": 0.7
    }
}",medium (0.5-1.2m),0.6,1 railing,0.9,Rock/Stone,0.8,few (<10),0.9,At-Grade,0.7,False
101607,2026-05-20T17:13:26.458752,gemma-4-26b-a4b-it,"{
    ""fall_height"": {
        ""value"": ""medium (0.5-1.2m)"",
        ""confidence"": 0.6
    },
    ""has_pedestrian_railing"": {
        ""value"": ""1 railing"",
        ""confidence"": 1.0
    },
    ""material_frame_tank_body"": {
        ""value"": ""Timber/Wood"",
        ""confidence"": 0.9
    },
    ""number_of_steps"": {
        ""value"": ""many (>20)"",
        ""confidence"": 0.7
    },
    ""structure_position"": {
        ""value"": ""At-Grade"",
        ""confidence"": 0.8
    }
}",medium (0.5-1.2m),0.6,1 railing,1.0,Timber/Wood,0.9,many (>20),0.7,At-Grade,0.8,False
101624,2026-05-20T17:14:09.691170,gemma-4-26b-a4b-it,"{
    ""fall_height"": {
        ""value"": ""low (<0.5m)"",
        ""confidence"": 0.9
    },
    ""has_pedestrian_railing"": {
        ""value"": ""No railings"",
        ""confidence"": 1.0
    },
    ""material_frame_tank_body"": {
        ""value"": ""Timber/Wood"",
        ""confidence"": 1.0
    },
    ""number_of_steps"": {
        ""value"": ""few (<10)"",
        ""confidence"": 1.0
    },
    ""structure_position"": {
        ""value"": ""At-Grade"",
        ""confidence"": 0.9
    }
}",low (<0.5m),0.9,No railings,1.0,Timber/Wood,1.0,few (<10),1.0,At-Grade,0.9,False
101697,2026-05-20T17:15:04.552563,gemma-4-26b-a4b-it,"{
    ""fall_height"": {
        ""value"": ""low (<0.5m)"",
        ""confidence"": 0.7
    },
    ""has_pedestrian_railing"": {
        ""value"": ""No railings"",
        ""confidence"": 0.95
    },
    ""material_frame_tank_body"": {
        ""value"": ""Timber/Wood"",
        ""confidence"": 0.9
    },
    ""number_of_steps"": {
        ""value"": ""few (<10)"",
        ""confidence"": 0.7
    },
    ""structure_position"": {
        ""value"": ""At-Grade"",
        ""confidence"": 0.8
    }
}",low (<0.5m),0.7,No railings,0.95,Timber/Wood,0.9,few (<10),0.7,At-Grade,0.8,False
101714,2026-05-20T17:16:01.721046,gemma-4-26b-a4b-it,"{
    ""fall_height"": {
        ""value"": ""unable to determine"",
        ""confidence"": 0.0
    },
    ""has_pedestrian_railing"": {
        ""value"": ""1 railing"",
        ""confidence"": 0.9
    },
    ""material_frame_tank_body"": {
        ""value"": ""Rock/Stone"",
        ""confidence"": 1.0
    },
    ""number_of_steps"": {
        ""value"": ""few (<10)"",
        ""confidence"": 0.9
    },
    ""structure_position"": {
        ""value"": ""At-Grade"",
        ""confidence"": 0.8
    }
}",unable to determine,0.0,1 railing,0.9,Rock/Stone,1.0,few (<10),0.9,At-Grade,0.8,False
101715,2026-05-20T17:16:53.052887,gemma-4-26b-a4b-it,"{
""fall_height"": {
""value"": ""high (>1.2m)"",
""confidence"": 0.9
},
""has_pedestrian_railing"": {
""value"": ""No railings"",
""confidence"": 0.8
},
""material_frame_tank_body"": {
""value"": ""Steel"",
""confidence"": 0.9
},
""number_of_steps"": {
""value"": ""medium (10-20)"",
""confidence"": 0.8
},
""structure_position"": {
""value"": ""Elevated"",
""confidence"": 0.8
}
}",high (>1.2m),0.9,No railings,0.8,Steel,0.9,medium (10-20),0.8,Elevated,0.8,False
101720,2026-05-20T17:17:46.432538,gemma-4-26b-a4b-it,"{
    ""fall_height"": {
        ""value"": ""unable to determine"",
        ""confidence"": 0.0
    },
    ""has_pedestrian_railing"": {
        ""value"": ""2 railings"",
        ""confidence"": 0.6
    },
    ""material_frame_tank_body"": {
        ""value"": ""Rock/Stone"",
        ""confidence"": 0.95
    },
    ""number_of_steps"": {
        ""value"": ""unable to determine"",
        ""confidence"": 0.0
    },
    ""structure_position"": {
        ""value"": ""At-Grade"",
        ""confidence"": 0.8
    }
}",unable to determine,0.0,2 railings,0.6,Rock/Stone,0.95,unable to determine,0.0,At-Grade,0.8,False
101744,2026-05-20T17:18:30.068568,gemma-4-26b-a4b-it,"{
    ""fall_height"": {
        ""value"": ""low (<0.5m)"",
        ""confidence"": 0.8
    },
    ""has_pedestrian_railing"": {
        ""value"": ""No railings"",
        ""confidence"": 1.0
    },
    ""material_frame_tank_body"": {
        ""value"": ""Timber/Wood"",
        ""confidence"": 0.9
    },
    ""number_of_steps"": {
        ""value"": ""few (<10)"",
        ""confidence"": 0.9
    },
    ""structure_position"": {
        ""value"": ""At-Grade"",
        ""confidence"": 0.9
    }
}",low (<0.5m),0.8,No railings,1.0,Timber/Wood,0.9,few (<10),0.9,At-Grade,0.9,False
102425,2026-05-20T17:19:45.318723,gemma-4-26b-a4b-it,"{
""fall_height"": {
""value"": ""unable to determine"",
""confidence"": 0.0
},
""has_pedestrian_railing"": {
""value"": ""No railings"",
""confidence"": 1.0
},
""material_frame_tank_body"": {
""value"": ""Timber/Wood"",
""confidence"": 1.0
},
""number_of_steps"": {
""value"": ""few (<10)"",
""confidence"": 0.9
},
""structure_position"": {
""value"": ""At-Grade"",
""confidence"": 0.8
}
}",unable to determine,0.0,No railings,1.0,Timber/Wood,1.0,few (<10),0.9,At-Grade,0.8,False
102439,2026-05-20T17:20:30.265198,gemma-4-26b-a4b-it,"{
    ""fall_height"": {
        ""value"": ""low (<0.5m)"",
        ""confidence"": 0.8
    },
    ""has_pedestrian_railing"": {
        ""value"": ""No railings"",
        ""confidence"": 1.0
    },
    ""material_frame_tank_body"": {
        ""value"": ""Timber/Wood"",
        ""confidence"": 1.0
    },
    ""number_of_steps"": {
        ""value"": ""many (>20)"",
        ""confidence"": 0.9
    },
    ""structure_position"": {
        ""value"": ""At-Grade"",
        ""confidence"": 0.7
    }
}",low (<0.5m),0.8,No railings,1.0,Timber/Wood,1.0,many (>20),0.9,At-Grade,0.7,False
102759,2026-05-20T17:21:31.613064,gemma-4-26b-a4b-it,"```json
{
    ""fall_height"": {
        ""value"": ""medium (0.5-1.2m)"",
        ""confidence"": 0.5
    },
    ""has_pedestrian_railing"": {
        ""value"": ""1 railing"",
        ""confidence"": 1.0
    },
    ""material_frame_tank_body"": {
        ""value"": ""Rock/Stone"",
        ""confidence"": 1.0
    },
    ""number_of_steps"": {
        ""value"": ""few (<10)"",
        ""confidence"": 0.7
    },
    ""structure_position"": {
        ""value"": ""At-Grade"",
        ""confidence"": 0.8
    }
}
```",medium (0.5-1.2m),0.5,1 railing,1.0,Rock/Stone,1.0,few (<10),0.7,At-Grade,0.8,False
102839,2026-05-20T18:19:35.142462,gemma-4-26b-a4b-it,"{
""fall_height"": {
""value"": ""low (<0.5m)"",
""confidence"": 0.9
},
""has_pedestrian_railing"": {
""value"": ""No railings"",
""confidence"": 0.95
},
""material_frame_tank_body"": {
""value"": ""Timber/Wood"",
""confidence"": 0.5
},
""number_of_steps"": {
""value"": ""medium (10-20)"",
""confidence"": 0.6
},
""structure_position"": {
""value"": ""At-Grade"",
""confidence"": 0.95
}
}",low (<0.5m),0.9,No railings,0.95,Timber/Wood,0.5,medium (10-20),0.6,At-Grade,0.95,False
102843,2026-05-20T18:20:24.013055,gemma-4-26b-a4b-it,"{
    ""fall_height"": {
        ""value"": ""medium (0.5-1.2m)"",
        ""confidence"": 0.7
    },
    ""has_pedestrian_railing"": {
        ""value"": ""No railings"",
        ""confidence"": 1.0
    },
    ""material_frame_tank_body"": {
        ""value"": ""Timber/Wood"",
        ""confidence"": 0.9
    },
    ""number_of_steps"": {
        ""value"": ""few (<10)"",
        ""confidence"": 1.0
    },
    ""structure_position"": {
        ""value"": ""At-Grade"",
        ""confidence"": 0.8
    }
}",medium (0.5-1.2m),0.7,No railings,1.0,Timber/Wood,0.9,few (<10),1.0,At-Grade,0.8,False
103909,2026-05-20T18:21:25.146804,gemma-4-26b-a4b-it,"{
    ""fall_height"": {
        ""value"": ""low (<0.5m)"",
        ""confidence"": 0.9
    },
    ""has_pedestrian_railing"": {
        ""value"": ""No railings"",
        ""confidence"": 0.9
    },
    ""material_frame_tank_body"": {
        ""value"": ""Timber/Wood"",
        ""confidence"": 0.95
    },
    ""number_of_steps"": {
        ""value"": ""few (<10)"",
        ""confidence"": 1.0
    },
    ""structure_position"": {
        ""value"": ""At-Grade"",
        ""confidence"": 0.9
    }
}",low (<0.5m),0.9,No railings,0.9,Timber/Wood,0.95,few (<10),1.0,At-Grade,0.9,False
103932,2026-05-20T18:22:07.972456,gemma-4-26b-a4b-it,"{
    ""fall_height"": {
        ""value"": ""high (>1.2m)"",
        ""confidence"": 0.8
    },
    ""has_pedestrian_railing"": {
        ""value"": ""1 railing"",
        ""confidence"": 1.0
    },
    ""material_frame_tank_body"": {
        ""value"": ""Timber/Wood"",
        ""confidence"": 0.9
    },
    ""number_of_steps"": {
        ""value"": ""many (>20)"",
        ""confidence"": 0.9
    },
    ""structure_position"": {
        ""value"": ""At-Grade"",
        ""confidence"": 0.7
    }
}",high (>1.2m),0.8,1 railing,1.0,Timber/Wood,0.9,many (>20),0.9,At-Grade,0.7,False
104721,2026-05-20T18:23:19.325416,gemma-4-26b-a4b-it,"{
    ""fall_height"": {
        ""value"": ""unable to determine"",
        ""confidence"": 0.0
    },
    ""has_pedestrian_railing"": {
        ""value"": ""No railings"",
        ""confidence"": 1.0
    },
    ""material_frame_tank_body"": {
        ""value"": ""Timber/Wood"",
        ""confidence"": 1.0
    },
    ""number_of_steps"": {
        ""value"": ""many (>20)"",
        ""confidence"": 0.7
    },
    ""structure_position"": {
        ""value"": ""At-Grade"",
        ""confidence"": 0.8
    }
}",unable to determine,0.0,No railings,1.0,Timber/Wood,1.0,many (>20),0.7,At-Grade,0.8,False
104861,2026-05-20T18:24:47.401906,gemma-4-26b-a4b-it,"{
    ""fall_height"": {
        ""value"": ""high (>1.2m)"",
        ""confidence"": 0.9
    },
    ""has_pedestrian_railing"": {
        ""value"": ""2 railings"",
        ""confidence"": 0.85
    },
    ""material_frame_tank_body"": {
        ""value"": ""Concrete"",
        ""confidence"": 0.8
    },
    ""number_of_steps"": {
        ""value"": ""medium (10-20)"",
        ""confidence"": 0.9
    },
    ""structure_position"": {
        ""value"": ""At-Grade"",
        ""confidence"": 0.8
    }
}",high (>1.2m),0.9,2 railings,0.85,Concrete,0.8,medium (10-20),0.9,At-Grade,0.8,False
104870,2026-05-20T18:25:28.163031,gemma-4-26b-a4b-it,"```json
{
    ""fall_height"": {
        ""value"": ""medium (0.5-1.2m)"",
        ""confidence"": 0.7
    },
    ""has_pedestrian_railing"": {
        ""value"": ""1 railing"",
        ""confidence"": 1.0
    },
    ""material_frame_tank_body"": {
        ""value"": ""Timber/Wood"",
        ""confidence"": 1.0
    },
    ""number_of_steps"": {
        ""value"": ""medium (10-20)"",
        ""confidence"": 0.8
    },
    ""structure_position"": {
        ""value"": ""At-Grade"",
        ""confidence"": 0.9
    }
}
```",medium (0.5-1.2m),0.7,1 railing,1.0,Timber/Wood,1.0,medium (10-20),0.8,At-Grade,0.9,False
105082,2026-05-20T18:26:07.244844,gemma-4-26b-a4b-it,"{
    ""fall_height"": {
        ""value"": ""low (<0.5m)"",
        ""confidence"": 0.95
    },
    ""has_pedestrian_railing"": {
        ""value"": ""No railings"",
        ""confidence"": 1.0
    },
    ""material_frame_tank_body"": {
        ""value"": ""Timber/Wood"",
        ""confidence"": 1.0
    },
    ""number_of_steps"": {
        ""value"": ""few (<10)"",
        ""confidence"": 0.7
    },
    ""structure_position"": {
        ""value"": ""At-Grade"",
        ""confidence"": 0.9
    }
}",low (<0.5m),0.95,No railings,1.0,Timber/Wood,1.0,few (<10),0.7,At-Grade,0.9,False
105083,2026-05-20T18:26:45.835229,gemma-4-26b-a4b-it,"{
    ""fall_height"": {
        ""value"": ""medium (0.5-1.2m)"",
        ""confidence"": 0.7
    },
    ""has_pedestrian_railing"": {
        ""value"": ""No railings"",
        ""confidence"": 1.0
    },
    ""material_frame_tank_body"": {
        ""value"": ""Timber/Wood"",
        ""confidence"": 1.0
    },
    ""number_of_steps"": {
        ""value"": ""few (<10)"",
        ""confidence"": 1.0
    },
    ""structure_position"": {
        ""value"": ""At-Grade"",
        ""confidence"": 0.9
    }
}",medium (0.5-1.2m),0.7,No railings,1.0,Timber/Wood,1.0,few (<10),1.0,At-Grade,0.9,False
105458,2026-05-20T18:28:26.150646,gemma-4-26b-a4b-it,"{
    ""fall_height"": {
        ""value"": ""high (>1.2m)"",
        ""confidence"": 0.8
    },
    ""has_pedestrian_railing"": {
        ""value"": ""2 railings"",
        ""confidence"": 0.95
    },
    ""material_frame_tank_body"": {
        ""value"": ""Timber/Wood"",
        ""confidence"": 1.0
    },
    ""number_of_steps"": {
        ""value"": ""many (>20)"",
        ""confidence"": 0.95
    },
    ""structure_position"": {
        ""value"": ""At-Grade"",
        ""confidence"": 0.8
    }
}",high (>1.2m),0.8,2 railings,0.95,Timber/Wood,1.0,many (>20),0.95,At-Grade,0.8,False
105614,2026-05-20T18:29:27.932324,gemma-4-26b-a4b-it,"{
    ""fall_height"": {
        ""value"": ""high (>1.2m)"",
        ""confidence"": 0.8
    },
    ""has_pedestrian_railing"": {
        ""value"": ""2 railings"",
        ""confidence"": 1.0
    },
    ""material_frame_tank_body"": {
        ""value"": ""Concrete"",
        ""confidence"": 0.7
    },
    ""number_of_steps"": {
        ""value"": ""many (>20)"",
        ""confidence"": 0.9
    },
    ""structure_position"": {
        ""value"": ""At-Grade"",
        ""confidence"": 0.8
    }
}",high (>1.2m),0.8,2 railings,1.0,Concrete,0.7,many (>20),0.9,At-Grade,0.8,False
105616,2026-05-20T18:30:02.169597,gemma-4-26b-a4b-it,"{
    ""fall_height"": {
        ""value"": ""low (<0.5m)"",
        ""confidence"": 0.8
    },
    ""has_pedestrian_railing"": {
        ""value"": ""No railings"",
        ""confidence"": 1.0
    },
    ""material_frame_tank_body"": {
        ""value"": ""Timber/Wood"",
        ""confidence"": 0.95
    },
    ""number_of_steps"": {
        ""value"": ""many (>20)"",
        ""confidence"": 1.0
    },
    ""structure_position"": {
        ""value"": ""At-Grade"",
        ""confidence"": 0.9
    }
}",low (<0.5m),0.8,No railings,1.0,Timber/Wood,0.95,many (>20),1.0,At-Grade,0.9,False
105617,2026-05-20T18:30:57.712444,gemma-4-26b-a4b-it,"{
    ""fall_height"": {
        ""value"": ""high (>1.2m)"",
        ""confidence"": 0.7
    },
    ""has_pedestrian_railing"": {
        ""value"": ""No railings"",
        ""confidence"": 1.0
    },
    ""material_frame_tank_body"": {
        ""value"": ""Timber/Wood"",
        ""confidence"": 0.95
    },
    ""number_of_steps"": {
        ""value"": ""many (>20)"",
        ""confidence"": 0.95
    },
    ""structure_position"": {
        ""value"": ""At-Grade"",
        ""confidence"": 0.9
    }
}",high (>1.2m),0.7,No railings,1.0,Timber/Wood,0.95,many (>20),0.95,At-Grade,0.9,False
105619,2026-05-20T18:31:45.416847,gemma-4-26b-a4b-it,"{
    ""fall_height"": {
        ""value"": ""low (<0.5m)"",
        ""confidence"": 0.8
    },
    ""has_pedestrian_railing"": {
        ""value"": ""No railings"",
        ""confidence"": 1.0
    },
    ""material_frame_tank_body"": {
        ""value"": ""Timber/Wood"",
        ""confidence"": 0.9
    },
    ""number_of_steps"": {
        ""value"": ""medium (10-20)"",
        ""confidence"": 0.7
    },
    ""structure_position"": {
        ""value"": ""At-Grade"",
        ""confidence"": 0.8
    }
}",low (<0.5m),0.8,No railings,1.0,Timber/Wood,0.9,medium (10-20),0.7,At-Grade,0.8,False
105817,2026-05-20T18:32:24.981182,gemma-4-26b-a4b-it,"{
    ""fall_height"": {
        ""value"": ""medium (0.5-1.2m)"",
        ""confidence"": 0.5
    },
    ""has_pedestrian_railing"": {
        ""value"": ""2 railings"",
        ""confidence"": 1.0
    },
    ""material_frame_tank_body"": {
        ""value"": ""Timber/Wood"",
        ""confidence"": 1.0
    },
    ""number_of_steps"": {
        ""value"": ""medium (10-20)"",
        ""confidence"": 0.8
    },
    ""structure_position"": {
        ""value"": ""Elevated"",
        ""confidence"": 0.9
    }
}",medium (0.5-1.2m),0.5,2 railings,1.0,Timber/Wood,1.0,medium (10-20),0.8,Elevated,0.9,False
105824,2026-05-20T18:33:10.533142,gemma-4-26b-a4b-it,"{
    ""fall_height"": {
        ""value"": ""low (<0.5m)"",
        ""confidence"": 0.9
    },
    ""has_pedestrian_railing"": {
        ""value"": ""No railings"",
        ""confidence"": 1.0
    },
    ""material_frame_tank_body"": {
        ""value"": ""Timber/Wood"",
        ""confidence"": 1.0
    },
    ""number_of_steps"": {
        ""value"": ""medium (10-20)"",
        ""confidence"": 0.8
    },
    ""structure_position"": {
        ""value"": ""At-Grade"",
        ""confidence"": 0.7
    }
}",low (<0.5m),0.9,No railings,1.0,Timber/Wood,1.0,medium (10-20),0.8,At-Grade,0.7,False
105840,2026-05-20T18:34:15.482317,gemma-4-26b-a4b-it,"{
    ""fall_height"": {
        ""value"": ""medium (0.5-1.2m)"",
        ""confidence"": 0.7
    },
    ""has_pedestrian_railing"": {
        ""value"": ""1 railing"",
        ""confidence"": 0.9
    },
    ""material_frame_tank_body"": {
        ""value"": ""Timber/Wood"",
        ""confidence"": 1.0
    },
    ""number_of_steps"": {
        ""value"": ""few (<10)"",
        ""confidence"": 0.9
    },
    ""structure_position"": {
        ""value"": ""Elevated"",
        ""confidence"": 1.0
    }
}",medium (0.5-1.2m),0.7,1 railing,0.9,Timber/Wood,1.0,few (<10),0.9,Elevated,1.0,False
105855,2026-05-20T18:35:30.691730,gemma-4-26b-a4b-it,"{
    ""fall_height"": {
        ""value"": ""low (<0.5m)"",
        ""confidence"": 0.7
    },
    ""has_pedestrian_railing"": {
        ""value"": ""1 railing"",
        ""confidence"": 0.9
    },
    ""material_frame_tank_body"": {
        ""value"": ""Timber/Wood"",
        ""confidence"": 1.0
    },
    ""number_of_steps"": {
        ""value"": ""medium (10-20)"",
        ""confidence"": 0.8
    },
    ""structure_position"": {
        ""value"": ""At-Grade"",
        ""confidence"": 0.8
    }
}",low (<0.5m),0.7,1 railing,0.9,Timber/Wood,1.0,medium (10-20),0.8,At-Grade,0.8,False
106011,2026-05-20T18:36:37.419491,gemma-4-26b-a4b-it,"{
    ""fall_height"": {
        ""value"": ""low (<0.5m)"",
        ""confidence"": 0.7
    },
    ""has_pedestrian_railing"": {
        ""value"": ""No railings"",
        ""confidence"": 1.0
    },
    ""material_frame_tank_body"": {
        ""value"": ""Timber/Wood"",
        ""confidence"": 0.95
    },
    ""number_of_steps"": {
        ""value"": ""few (<10)"",
        ""confidence"": 1.0
    },
    ""structure_position"": {
        ""value"": ""At-Grade"",
        ""confidence"": 0.9
    }
}",low (<0.5m),0.7,No railings,1.0,Timber/Wood,0.95,few (<10),1.0,At-Grade,0.9,False
106065,2026-05-20T18:38:05.335013,gemma-4-26b-a4b-it,"{
""fall_height"": {
""value"": ""low (<0.5m)"",
""confidence"": 0.8
},
""has_pedestrian_railing"": {
""value"": ""No railings"",
""confidence"": 1.0
},
""material_frame_tank_body"": {
""value"": ""Concrete"",
""confidence"": 1.0
},
""number_of_steps"": {
""value"": ""medium (10-20)"",
""confidence"": 0.9
},
""structure_position"": {
""value"": ""At-Grade"",
""confidence"": 0.8
}
}",low (<0.5m),0.8,No railings,1.0,Concrete,1.0,medium (10-20),0.9,At-Grade,0.8,False
106066,2026-05-20T18:38:48.658630,gemma-4-26b-a4b-it,"{
    ""fall_height"": {
    ""value"": ""medium (0.5-1.2m)"",
    ""confidence"": 0.7
    },
    ""has_pedestrian_railing"": {
    ""value"": ""No railings"",
    ""confidence"": 1.0
    },
    ""material_frame_tank_body"": {
    ""value"": ""Concrete"",
    ""confidence"": 1.0
    },
    ""number_of_steps"": {
    ""value"": ""few (<10)"",
    ""confidence"": 1.0
    },
    ""structure_position"": {
    ""value"": ""At-Grade"",
    ""confidence"": 0.9
    }
}",medium (0.5-1.2m),0.7,No railings,1.0,Concrete,1.0,few (<10),1.0,At-Grade,0.9,False
106068,2026-05-20T18:39:38.563132,gemma-4-26b-a4b-it,"{
    ""fall_height"": {
        ""value"": ""high (>1.2m)"",
        ""confidence"": 0.8
    },
    ""has_pedestrian_railing"": {
        ""value"": ""1 railing"",
        ""confidence"": 1.0
    },
    ""material_frame_tank_body"": {
        ""value"": ""Concrete"",
        ""confidence"": 1.0
    },
    ""number_of_steps"": {
        ""value"": ""medium (10-20)"",
        ""confidence"": 0.9
    },
    ""structure_position"": {
        ""value"": ""At-Grade"",
        ""confidence"": 0.8
    }
}",high (>1.2m),0.8,1 railing,1.0,Concrete,1.0,medium (10-20),0.9,At-Grade,0.8,False
106071,2026-05-20T18:40:24.306200,gemma-4-26b-a4b-it,"{
    ""fall_height"": {
        ""value"": ""medium (0.5-1.2m)"",
        ""confidence"": 0.8
    },
    ""has_pedestrian_railing"": {
        ""value"": ""No railings"",
        ""confidence"": 1.0
    },
    ""material_frame_tank_body"": {
        ""value"": ""Concrete"",
        ""confidence"": 1.0
    },
    ""number_of_steps"": {
        ""value"": ""few (<10)"",
        ""confidence"": 1.0
    },
    ""structure_position"": {
        ""value"": ""At-Grade"",
        ""confidence"": 0.9
    }
}",medium (0.5-1.2m),0.8,No railings,1.0,Concrete,1.0,few (<10),1.0,At-Grade,0.9,False
106072,2026-05-20T18:41:13.192958,gemma-4-26b-a4b-it,"{
    ""fall_height"": {
    ""value"": ""low (<0.5m)"",
    ""confidence"": 0.7
    },
    ""has_pedestrian_railing"": {
    ""value"": ""No railings"",
    ""confidence"": 1.0
    },
    ""material_frame_tank_body"": {
    ""value"": ""Concrete"",
    ""confidence"": 1.0
    },
    ""number_of_steps"": {
    ""value"": ""few (<10)"",
    ""confidence"": 0.9
    },
    ""structure_position"": {
    ""value"": ""At-Grade"",
    ""confidence"": 0.9
    }
}",low (<0.5m),0.7,No railings,1.0,Concrete,1.0,few (<10),0.9,At-Grade,0.9,False
106073,2026-05-20T18:42:04.367608,gemma-4-26b-a4b-it,"{
    ""fall_height"": {
        ""value"": ""high (>1.2m)"",
        ""confidence"": 0.7
    },
    ""has_pedestrian_railing"": {
        ""value"": ""No railings"",
        ""confidence"": 0.95
    },
    ""material_frame_tank_body"": {
        ""value"": ""Concrete"",
        ""confidence"": 0.98
    },
    ""number_of_steps"": {
        ""value"": ""medium (10-20)"",
        ""confidence"": 0.9
    },
    ""structure_position"": {
        ""value"": ""At-Grade"",
        ""confidence"": 0.8
    }
}",high (>1.2m),0.7,No railings,0.95,Concrete,0.98,medium (10-20),0.9,At-Grade,0.8,False
106074,2026-05-20T18:42:57.386023,gemma-4-26b-a4b-it,"{
    ""fall_height"": {
        ""value"": ""high (>1.2m)"",
        ""confidence"": 0.8
    },
    ""has_pedestrian_railing"": {
        ""value"": ""1 railing"",
        ""confidence"": 0.95
    },
    ""material_frame_tank_body"": {
        ""value"": ""Concrete"",
        ""confidence"": 1.0
    },
    ""number_of_steps"": {
        ""value"": ""medium (10-20)"",
        ""confidence"": 0.9
    },
    ""structure_position"": {
        ""value"": ""At-Grade"",
        ""confidence"": 0.7
    }
}",high (>1.2m),0.8,1 railing,0.95,Concrete,1.0,medium (10-20),0.9,At-Grade,0.7,False
106506,2026-05-20T18:43:46.302301,gemma-4-26b-a4b-it,"{
    ""fall_height"": {
        ""value"": ""low (<0.5m)"",
        ""confidence"": 0.8
    },
    ""has_pedestrian_railing"": {
        ""value"": ""No railings"",
        ""confidence"": 1.0
    },
    ""material_frame_tank_body"": {
        ""value"": ""Timber/Wood"",
        ""confidence"": 0.95
    },
    ""number_of_steps"": {
        ""value"": ""medium (10-20)"",
        ""confidence"": 0.9
    },
    ""structure_position"": {
        ""value"": ""At-Grade"",
        ""confidence"": 0.9
    }
}",low (<0.5m),0.8,No railings,1.0,Timber/Wood,0.95,medium (10-20),0.9,At-Grade,0.9,False
106583,2026-05-20T18:44:58.398109,gemma-4-26b-a4b-it,"{
    ""fall_height"": {
        ""value"": ""high (>1.2m)"",
        ""confidence"": 0.7
    },
    ""has_pedestrian_railing"": {
        ""value"": ""1 railing"",
        ""confidence"": 1.0
    },
    ""material_frame_tank_body"": {
        ""value"": ""Concrete"",
        ""confidence"": 1.0
    },
    ""number_of_steps"": {
        ""value"": ""few (<10)"",
        ""confidence"": 0.9
    },
    ""structure_position"": {
        ""value"": ""At-Grade"",
        ""confidence"": 0.8
    }
}",high (>1.2m),0.7,1 railing,1.0,Concrete,1.0,few (<10),0.9,At-Grade,0.8,False
106584,2026-05-20T18:45:51.042300,gemma-4-26b-a4b-it,"{
    ""fall_height"": {
        ""value"": ""high (>1.2m)"",
        ""confidence"": 0.9
    },
    ""has_pedestrian_railing"": {
        ""value"": ""1 railing"",
        ""confidence"": 1.0
    },
    ""material_frame_tank_body"": {
        ""value"": ""Concrete"",
        ""confidence"": 1.0
    },
    ""number_of_steps"": {
        ""value"": ""medium (10-20)"",
        ""confidence"": 0.9
    },
    ""structure_position"": {
        ""value"": ""At-Grade"",
        ""confidence"": 0.8
    }
}",high (>1.2m),0.9,1 railing,1.0,Concrete,1.0,medium (10-20),0.9,At-Grade,0.8,False
107290,2026-05-20T18:46:45.968346,gemma-4-26b-a4b-it,"{
    ""fall_height"": {
        ""value"": ""medium (0.5-1.2m)"",
        ""confidence"": 0.8
    },
    ""has_pedestrian_railing"": {
        ""value"": ""No railings"",
        ""confidence"": 0.9
    },
    ""material_frame_tank_body"": {
        ""value"": ""Timber/Wood"",
        ""confidence"": 0.95
    },
    ""number_of_steps"": {
        ""value"": ""few (<10)"",
        ""confidence"": 1.0
    },
    ""structure_position"": {
        ""value"": ""At-Grade"",
        ""confidence"": 0.9
    }
}",medium (0.5-1.2m),0.8,No railings,0.9,Timber/Wood,0.95,few (<10),1.0,At-Grade,0.9,False
107471,2026-05-20T18:47:44.234900,gemma-4-26b-a4b-it,"{
""fall_height"": {
""value"": ""low (<0.5m)"",
""confidence"": 0.5
},
""has_pedestrian_railing"": {
""value"": ""No railings"",
""confidence"": 1.0
},
""material_frame_tank_body"": {
""value"": ""Gravel"",
""confidence"": 0.9
},
""number_of_steps"": {
""value"": ""few (<10)"",
""confidence"": 0.9
},
""structure_position"": {
""value"": ""At-Grade"",
""confidence"": 0.9
}
}",low (<0.5m),0.5,No railings,1.0,Gravel,0.9,few (<10),0.9,At-Grade,0.9,False
107475,2026-05-20T18:48:16.022221,gemma-4-26b-a4b-it,"{
    ""fall_height"": {
        ""value"": ""low (<0.5m)"",
        ""confidence"": 0.9
    },
    ""has_pedestrian_railing"": {
        ""value"": ""No railings"",
        ""confidence"": 1.0
    },
    ""material_frame_tank_body"": {
        ""value"": ""Timber/Wood"",
        ""confidence"": 0.95
    },
    ""number_of_steps"": {
        ""value"": ""few (<10)"",
        ""confidence"": 0.95
    },
    ""structure_position"": {
        ""value"": ""At-Grade"",
        ""confidence"": 0.9
    }
}",low (<0.5m),0.9,No railings,1.0,Timber/Wood,0.95,few (<10),0.95,At-Grade,0.9,False
107485,2026-05-20T18:49:12.839452,gemma-4-26b-a4b-it,"{
""fall_height"": {
""value"": ""medium (0.5-1.2m)"",
""confidence"": 0.7
},
""has_pedestrian_railing"": {
""value"": ""No railings"",
""confidence"": 1.0
},
""material_frame_tank_body"": {
""value"": ""Timber/Wood"",
""confidence"": 1.0
},
""number_of_steps"": {
""value"": ""few (<10)"",
""confidence"": 1.0
},
""structure_position"": {
""value"": ""At-Grade"",
""confidence"": 0.9
}
}",medium (0.5-1.2m),0.7,No railings,1.0,Timber/Wood,1.0,few (<10),1.0,At-Grade,0.9,False
107490,2026-05-20T18:49:45.944213,gemma-4-26b-a4b-it,"{
    ""fall_height"": {
        ""value"": ""low (<0.5m)"",
        ""confidence"": 0.9
    },
    ""has_pedestrian_railing"": {
        ""value"": ""No railings"",
        ""confidence"": 1.0
    },
    ""material_frame_tank_body"": {
        ""value"": ""Timber/Wood"",
        ""confidence"": 0.9
    },
    ""number_of_steps"": {
        ""value"": ""few (<10)"",
        ""confidence"": 1.0
    },
    ""structure_position"": {
        ""value"": ""At-Grade"",
        ""confidence"": 0.9
    }
}",low (<0.5m),0.9,No railings,1.0,Timber/Wood,0.9,few (<10),1.0,At-Grade,0.9,False
107516,2026-05-20T18:50:54.033445,gemma-4-26b-a4b-it,"{
    ""fall_height"": {
        ""value"": ""low (<0.5m)"",
        ""confidence"": 0.8
    },
    ""has_pedestrian_railing"": {
        ""value"": ""No railings"",
        ""confidence"": 1.0
    },
    ""material_frame_tank_body"": {
        ""value"": ""Timber/Wood"",
        ""confidence"": 0.9
    },
    ""number_of_steps"": {
        ""value"": ""few (<10)"",
        ""confidence"": 1.0
    },
    ""structure_position"": {
        ""value"": ""At-Grade"",
        ""confidence"": 0.7
    }
}",low (<0.5m),0.8,No railings,1.0,Timber/Wood,0.9,few (<10),1.0,At-Grade,0.7,False
107518,2026-05-20T18:51:33.880330,gemma-4-26b-a4b-it,"{
    ""fall_height"": {
        ""value"": ""low (<0.5m)"",
        ""confidence"": 0.8
    },
    ""has_pedestrian_railing"": {
        ""value"": ""No railings"",
        ""confidence"": 1.0
    },
    ""material_frame_tank_body"": {
        ""value"": ""Timber/Wood"",
        ""confidence"": 1.0
    },
    ""number_of_steps"": {
        ""value"": ""few (<10)"",
        ""confidence"": 1.0
    },
    ""structure_position"": {
        ""value"": ""At-Grade"",
        ""confidence"": 0.9
    }
}",low (<0.5m),0.8,No railings,1.0,Timber/Wood,1.0,few (<10),1.0,At-Grade,0.9,False
107667,2026-05-20T18:52:26.444905,gemma-4-26b-a4b-it,"{
    ""fall_height"": {
        ""value"": ""high (>1.2m)"",
        ""confidence"": 0.9
    },
    ""has_pedestrian_railing"": {
        ""value"": ""2 railings"",
        ""confidence"": 1.0
    },
    ""material_frame_tank_body"": {
        ""value"": ""Concrete"",
        ""confidence"": 1.0
    },
    ""number_of_steps"": {
        ""value"": ""medium (10-20)"",
        ""confidence"": 0.8
    },
    ""structure_position"": {
        ""value"": ""At-Grade"",
        ""confidence"": 0.7
    }
}",high (>1.2m),0.9,2 railings,1.0,Concrete,1.0,medium (10-20),0.8,At-Grade,0.7,False
107876,2026-05-20T18:53:22.349069,gemma-4-26b-a4b-it,"{
    ""fall_height"": {
        ""value"": ""low (<0.5m)"",
        ""confidence"": 0.8
    },
    ""has_pedestrian_railing"": {
        ""value"": ""No railings"",
        ""confidence"": 1.0
    },
    ""material_frame_tank_body"": {
        ""value"": ""Natural Surface"",
        ""confidence"": 0.9
    },
    ""number_of_steps"": {
        ""value"": ""few (<10)"",
        ""confidence"": 0.9
    },
    ""structure_position"": {
        ""value"": ""At-Grade"",
        ""confidence"": 0.8
    }
}",low (<0.5m),0.8,No railings,1.0,Natural Surface,0.9,few (<10),0.9,At-Grade,0.8,False
107878,2026-05-20T18:54:49.008922,gemma-4-26b-a4b-it,"{
    ""fall_height"": {
        ""value"": ""low (<0.5m)"",
        ""confidence"": 0.9
    },
    ""has_pedestrian_railing"": {
        ""value"": ""No railings"",
        ""confidence"": 1.0
    },
    ""material_frame_tank_body"": {
        ""value"": ""Timber/Wood"",
        ""confidence"": 0.95
    },
    ""number_of_steps"": {
        ""value"": ""medium (10-20)"",
        ""confidence"": 0.8
    },
    ""structure_position"": {
        ""value"": ""At-Grade"",
        ""confidence"": 0.8
    }
}",low (<0.5m),0.9,No railings,1.0,Timber/Wood,0.95,medium (10-20),0.8,At-Grade,0.8,False
107879,2026-05-20T18:55:37.220360,gemma-4-26b-a4b-it,"{
    ""fall_height"": {
        ""value"": ""high (>1.2m)"",
        ""confidence"": 0.7
    },
    ""has_pedestrian_railing"": {
        ""value"": ""No railings"",
        ""confidence"": 1.0
    },
    ""material_frame_tank_body"": {
        ""value"": ""Timber/Wood"",
        ""confidence"": 1.0
    },
    ""number_of_steps"": {
        ""value"": ""few (<10)"",
        ""confidence"": 0.9
    },
    ""structure_position"": {
        ""value"": ""Elevated"",
        ""confidence"": 0.8
    }
}",high (>1.2m),0.7,No railings,1.0,Timber/Wood,1.0,few (<10),0.9,Elevated,0.8,False
107894,2026-05-20T18:56:19.070870,gemma-4-26b-a4b-it,"{
""fall_height"": {
""value"": ""high (>1.2m)"",
""confidence"": 0.8
},
""has_pedestrian_railing"": {
""value"": ""1 railing"",
""confidence"": 0.9
},
""material_frame_tank_body"": {
""value"": ""Timber/Wood"",
""confidence"": 1.0
},
""number_of_steps"": {
""value"": ""many (>20)"",
""confidence"": 0.95
},
""structure_position"": {
""value"": ""Elevated"",
""confidence"": 0.9
}
}",high (>1.2m),0.8,1 railing,0.9,Timber/Wood,1.0,many (>20),0.95,Elevated,0.9,False
107899,2026-05-20T18:57:22.014714,gemma-4-26b-a4b-it,"{
    ""fall_height"": {
        ""value"": ""medium (0.5-1.2m)"",
        ""confidence"": 0.7
    },
    ""has_pedestrian_railing"": {
        ""value"": ""2 railings"",
        ""confidence"": 0.95
    },
    ""material_frame_tank_body"": {
        ""value"": ""Timber/Wood"",
        ""confidence"": 1.0
    },
    ""number_of_steps"": {
        ""value"": ""medium (10-20)"",
        ""confidence"": 0.7
    },
    ""structure_position"": {
        ""value"": ""Elevated"",
        ""confidence"": 0.9
    }
}",medium (0.5-1.2m),0.7,2 railings,0.95,Timber/Wood,1.0,medium (10-20),0.7,Elevated,0.9,False
107903,2026-05-20T18:58:13.703541,gemma-4-26b-a4b-it,"{
    ""fall_height"": {
    ""value"": ""low (<0.5m)"",
    ""confidence"": 0.9
    },
    ""has_pedestrian_railing"": {
    ""value"": ""No railings"",
    ""confidence"": 0.95
    },
    ""material_frame_tank_body"": {
    ""value"": ""Rock/Stone"",
    ""confidence"": 0.8
    },
    ""number_of_steps"": {
    ""value"": ""few (<10)"",
    ""confidence"": 0.95
    },
    ""structure_position"": {
    ""value"": ""At-Grade"",
    ""confidence"": 0.8
    }
}",low (<0.5m),0.9,No railings,0.95,Rock/Stone,0.8,few (<10),0.95,At-Grade,0.8,False
107905,2026-05-20T18:59:00.647659,gemma-4-26b-a4b-it,"{
    ""fall_height"": {
        ""value"": ""low (<0.5m)"",
        ""confidence"": 0.4
    },
    ""has_pedestrian_railing"": {
        ""value"": ""No railings"",
        ""confidence"": 1.0
    },
    ""material_frame_tank_body"": {
        ""value"": ""Timber/Wood"",
        ""confidence"": 0.9
    },
    ""number_of_steps"": {
        ""value"": ""few (<10)"",
        ""confidence"": 0.9
    },
    ""structure_position"": {
        ""value"": ""At-Grade"",
        ""confidence"": 0.9
    }
}",low (<0.5m),0.4,No railings,1.0,Timber/Wood,0.9,few (<10),0.9,At-Grade,0.9,False
107913,2026-05-20T18:59:52.793419,gemma-4-26b-a4b-it,"{
    ""fall_height"": {
        ""value"": ""low (<0.5m)"",
        ""confidence"": 0.7
    },
    ""has_pedestrian_railing"": {
        ""value"": ""No railings"",
        ""confidence"": 1.0
    },
    ""material_frame_tank_body"": {
        ""value"": ""Timber/Wood"",
        ""confidence"": 0.9
    },
    ""number_of_steps"": {
        ""value"": ""few (<10)"",
        ""confidence"": 0.9
    },
    ""structure_position"": {
        ""value"": ""At-Grade"",
        ""confidence"": 0.8
    }
}",low (<0.5m),0.7,No railings,1.0,Timber/Wood,0.9,few (<10),0.9,At-Grade,0.8,False
107917,2026-05-20T19:00:25.258783,gemma-4-26b-a4b-it,"{
    ""fall_height"": {
        ""value"": ""low (<0.5m)"",
        ""confidence"": 0.7
    },
    ""has_pedestrian_railing"": {
        ""value"": ""No railings"",
        ""confidence"": 0.9
    },
    ""material_frame_tank_body"": {
        ""value"": ""Natural Surface"",
        ""confidence"": 0.9
    },
    ""number_of_steps"": {
        ""value"": ""few (<10)"",
        ""confidence"": 0.9
    },
    ""structure_position"": {
        ""value"": ""At-Grade"",
        ""confidence"": 0.9
    }
}",low (<0.5m),0.7,No railings,0.9,Natural Surface,0.9,few (<10),0.9,At-Grade,0.9,False
107918,2026-05-20T19:01:17.414211,gemma-4-26b-a4b-it,"{
    ""fall_height"": {
        ""value"": ""low (<0.5m)"",
        ""confidence"": 0.8
    },
    ""has_pedestrian_railing"": {
        ""value"": ""No railings"",
        ""confidence"": 1.0
    },
    ""material_frame_tank_body"": {
        ""value"": ""Timber/Wood"",
        ""confidence"": 1.0
    },
    ""number_of_steps"": {
        ""value"": ""medium (10-20)"",
        ""confidence"": 0.9
    },
    ""structure_position"": {
        ""value"": ""At-Grade"",
        ""confidence"": 0.9
    }
}",low (<0.5m),0.8,No railings,1.0,Timber/Wood,1.0,medium (10-20),0.9,At-Grade,0.9,False
107927,2026-05-20T19:02:01.004493,gemma-4-26b-a4b-it,"{
    ""fall_height"": {
        ""value"": ""low (<0.5m)"",
        ""confidence"": 0.9
    },
    ""has_pedestrian_railing"": {
        ""value"": ""No railings"",
        ""confidence"": 1.0
    },
    ""material_frame_tank_body"": {
        ""value"": ""Timber/Wood"",
        ""confidence"": 0.9
    },
    ""number_of_steps"": {
        ""value"": ""few (<10)"",
        ""confidence"": 0.7
    },
    ""structure_position"": {
        ""value"": ""At-Grade"",
        ""confidence"": 0.9
    }
}",low (<0.5m),0.9,No railings,1.0,Timber/Wood,0.9,few (<10),0.7,At-Grade,0.9,False
107928,2026-05-20T19:02:41.420853,gemma-4-26b-a4b-it,"{
    ""fall_height"": {
        ""value"": ""low (<0.5m)"",
        ""confidence"": 0.9
    },
    ""has_pedestrian_railing"": {
        ""value"": ""No railings"",
        ""confidence"": 0.95
    },
    ""material_frame_tank_body"": {
        ""value"": ""Timber/Wood"",
        ""confidence"": 1.0
    },
    ""number_of_steps"": {
        ""value"": ""few (<10)"",
        ""confidence"": 0.9
    },
    ""structure_position"": {
        ""value"": ""At-Grade"",
        ""confidence"": 0.9
    }
}",low (<0.5m),0.9,No railings,0.95,Timber/Wood,1.0,few (<10),0.9,At-Grade,0.9,False
107929,2026-05-20T19:02:43.167552,gemma-4-26b-a4b-it,,,,,,,,,,,,True
107931,2026-05-20T19:03:33.922025,gemma-4-26b-a4b-it,"```json
{
    ""fall_height"": {
        ""value"": ""medium (0.5-1.2m)"",
        ""confidence"": 0.7
    },
    ""has_pedestrian_railing"": {
        ""value"": ""No railings"",
        ""confidence"": 0.95
    },
    ""material_frame_tank_body"": {
        ""value"": ""Timber/Wood"",
        ""confidence"": 0.9
    },
    ""number_of_steps"": {
        ""value"": ""few (<10)"",
        ""confidence"": 0.85
    },
    ""structure_position"": {
        ""value"": ""At-Grade"",
        ""confidence"": 0.8
    }
}
```",medium (0.5-1.2m),0.7,No railings,0.95,Timber/Wood,0.9,few (<10),0.85,At-Grade,0.8,False
107932,2026-05-20T19:04:38.587806,gemma-4-26b-a4b-it,"{
    ""fall_height"": {
        ""value"": ""low (<0.5m)"",
        ""confidence"": 0.8
    },
    ""has_pedestrian_railing"": {
        ""value"": ""No railings"",
        ""confidence"": 0.95
    },
    ""material_frame_tank_body"": {
        ""value"": ""Timber/Wood"",
        ""confidence"": 0.9
    },
    ""number_of_steps"": {
        ""value"": ""unable to determine"",
        ""confidence"": 0.0
    },
    ""structure_position"": {
        ""value"": ""At-Grade"",
        ""confidence"": 0.8
    }
}",low (<0.5m),0.8,No railings,0.95,Timber/Wood,0.9,unable to determine,0.0,At-Grade,0.8,False
107935,2026-05-20T19:06:10.262305,gemma-4-26b-a4b-it,"{
    ""fall_height"": {
        ""value"": ""low (<0.5m)"",
        ""confidence"": 0.9
    },
    ""has_pedestrian_railing"": {
        ""value"": ""No railings"",
        ""confidence"": 1.0
    },
    ""material_frame_tank_body"": {
        ""value"": ""Timber/Wood"",
        ""confidence"": 0.8
    },
    ""number_of_steps"": {
        ""value"": ""few (<10)"",
        ""confidence"": 0.7
    },
    ""structure_position"": {
        ""value"": ""At-Grade"",
        ""confidence"": 0.9
    }
}",low (<0.5m),0.9,No railings,1.0,Timber/Wood,0.8,few (<10),0.7,At-Grade,0.9,False
107937,2026-05-20T19:06:36.907952,gemma-4-26b-a4b-it,"{
    ""fall_height"": {
        ""value"": ""low (<0.5m)"",
        ""confidence"": 0.9
    },
    ""has_pedestrian_railing"": {
        ""value"": ""No railings"",
        ""confidence"": 0.95
    },
    ""material_frame_tank_body"": {
        ""value"": ""Timber/Wood"",
        ""confidence"": 0.95
    },
    ""number_of_steps"": {
        ""value"": ""few (<10)"",
        ""confidence"": 0.8
    },
    ""structure_position"": {
        ""value"": ""At-Grade"",
        ""confidence"": 0.9
    }
}",low (<0.5m),0.9,No railings,0.95,Timber/Wood,0.95,few (<10),0.8,At-Grade,0.9,False
107941,2026-05-20T19:07:27.282683,gemma-4-26b-a4b-it,"{
    ""fall_height"": {
        ""value"": ""low (<0.5m)"",
        ""confidence"": 0.9
    },
    ""has_pedestrian_railing"": {
        ""value"": ""No railings"",
        ""confidence"": 0.95
    },
    ""material_frame_tank_body"": {
        ""value"": ""Timber/Wood"",
        ""confidence"": 0.85
    },
    ""number_of_steps"": {
        ""value"": ""few (<10)"",
        ""confidence"": 0.8
    },
    ""structure_position"": {
        ""value"": ""At-Grade"",
        ""confidence"": 0.8
    }
}",low (<0.5m),0.9,No railings,0.95,Timber/Wood,0.85,few (<10),0.8,At-Grade,0.8,False
107942,2026-05-20T19:08:09.046730,gemma-4-26b-a4b-it,"{
    ""fall_height"": {
        ""value"": ""low (<0.5m)"",
        ""confidence"": 0.8
    },
    ""has_pedestrian_railing"": {
        ""value"": ""No railings"",
        ""confidence"": 0.95
    },
    ""material_frame_tank_body"": {
        ""value"": ""Timber/Wood"",
        ""confidence"": 0.9
    },
    ""number_of_steps"": {
        ""value"": ""few (<10)"",
        ""confidence"": 0.9
    },
    ""structure_position"": {
        ""value"": ""At-Grade"",
        ""confidence"": 0.8
    }
}",low (<0.5m),0.8,No railings,0.95,Timber/Wood,0.9,few (<10),0.9,At-Grade,0.8,False
107943,2026-05-20T19:09:07.170828,gemma-4-26b-a4b-it,"{
    ""fall_height"": {
    ""value"": ""low (<0.5m)"",
    ""confidence"": 0.95
    },
    ""has_pedestrian_railing"": {
    ""value"": ""No railings"",
    ""confidence"": 1.0
    },
    ""material_frame_tank_body"": {
    ""value"": ""Timber/Wood"",
    ""confidence"": 0.95
    },
    ""number_of_steps"": {
    ""value"": ""few (<10)"",
    ""confidence"": 0.9
    },
    ""structure_position"": {
    ""value"": ""At-Grade"",
    ""confidence"": 0.85
    }
}",low (<0.5m),0.95,No railings,1.0,Timber/Wood,0.95,few (<10),0.9,At-Grade,0.85,False
107945,2026-05-20T19:09:32.516637,gemma-4-26b-a4b-it,"{
    ""fall_height"": {
        ""value"": ""low (<0.5m)"",
        ""confidence"": 0.9
    },
    ""has_pedestrian_railing"": {
        ""value"": ""No railings"",
        ""confidence"": 0.95
    },
    ""material_frame_tank_body"": {
        ""value"": ""Timber/Wood"",
        ""confidence"": 0.95
    },
    ""number_of_steps"": {
        ""value"": ""few (<10)"",
        ""confidence"": 0.8
    },
    ""structure_position"": {
        ""value"": ""At-Grade"",
        ""confidence"": 0.9
    }
}",low (<0.5m),0.9,No railings,0.95,Timber/Wood,0.95,few (<10),0.8,At-Grade,0.9,False
107947,2026-05-20T19:10:06.514409,gemma-4-26b-a4b-it,"{
    ""fall_height"": {
        ""value"": ""low (<0.5m)"",
        ""confidence"": 0.9
    },
    ""has_pedestrian_railing"": {
        ""value"": ""No railings"",
        ""confidence"": 1.0
    },
    ""material_frame_tank_body"": {
        ""value"": ""Timber/Wood"",
        ""confidence"": 0.95
    },
    ""number_of_steps"": {
        ""value"": ""few (<10)"",
        ""confidence"": 0.9
    },
    ""structure_position"": {
        ""value"": ""At-Grade"",
        ""confidence"": 0.9
    }
}",low (<0.5m),0.9,No railings,1.0,Timber/Wood,0.95,few (<10),0.9,At-Grade,0.9,False
107950,2026-05-20T19:11:05.383345,gemma-4-26b-a4b-it,"{
    ""fall_height"": {
        ""value"": ""low (<0.5m)"",
        ""confidence"": 0.9
    },
    ""has_pedestrian_railing"": {
        ""value"": ""No railings"",
        ""confidence"": 1.0
    },
    ""material_frame_tank_body"": {
        ""value"": ""Timber/Wood"",
        ""confidence"": 0.9
    },
    ""number_of_steps"": {
        ""value"": ""medium (10-20)"",
        ""confidence"": 0.7
    },
    ""structure_position"": {
        ""value"": ""At-Grade"",
        ""confidence"": 0.8
    }
}",low (<0.5m),0.9,No railings,1.0,Timber/Wood,0.9,medium (10-20),0.7,At-Grade,0.8,False
107953,2026-05-20T19:12:01.993913,gemma-4-26b-a4b-it,"{
""fall_height"": {
""value"": ""low (<0.5m)"",
""confidence"": 0.9
},
""has_pedestrian_railing"": {
""value"": ""No railings"",
""confidence"": 1.0
},
""material_frame_tank_body"": {
""value"": ""Timber/Wood"",
""confidence"": 0.85
},
""number_of_steps"": {
""value"": ""few (<10)"",
""confidence"": 0.7
},
""structure_position"": {
""value"": ""At-Grade"",
""confidence"": 0.8
}
}",low (<0.5m),0.9,No railings,1.0,Timber/Wood,0.85,few (<10),0.7,At-Grade,0.8,False
107964,2026-05-20T19:12:33.727646,gemma-4-26b-a4b-it,"{
    ""fall_height"": {
        ""value"": ""medium (0.5-1.2m)"",
        ""confidence"": 0.5
    },
    ""has_pedestrian_railing"": {
        ""value"": ""No railings"",
        ""confidence"": 1.0
    },
    ""material_frame_tank_body"": {
        ""value"": ""Timber/Wood"",
        ""confidence"": 0.9
    },
    ""number_of_steps"": {
        ""value"": ""few (<10)"",
        ""confidence"": 0.8
    },
    ""structure_position"": {
        ""value"": ""At-Grade"",
        ""confidence"": 0.9
    }
}",medium (0.5-1.2m),0.5,No railings,1.0,Timber/Wood,0.9,few (<10),0.8,At-Grade,0.9,False
107972,2026-05-20T19:13:02.977202,gemma-4-26b-a4b-it,"{
    ""fall_height"": {
        ""value"": ""unable to determine"",
        ""confidence"": 0.0
    },
    ""has_pedestrian_railing"": {
        ""value"": ""unable to determine"",
        ""confidence"": 0.0
    },
    ""material_frame_tank_body"": {
        ""value"": ""unable to determine"",
        ""confidence"": 0.0
    },
    ""number_of_steps"": {
        ""value"": ""unable to determine"",
        ""confidence"": 0.0
    },
    ""structure_position"": {
        ""value"": ""unable to determine"",
        ""confidence"": 0.0
    }
}",unable to determine,0.0,unable to determine,0.0,unable to determine,0.0,unable to determine,0.0,unable to determine,0.0,False
107974,2026-05-20T19:13:55.641759,gemma-4-26b-a4b-it,"{
""fall_height"": {
""value"": ""medium (0.5-1.2m)"",
""confidence"": 0.4
},
""has_pedestrian_railing"": {
""value"": ""No railings"",
""confidence"": 1.0
},
""material_frame_tank_body"": {
""value"": ""Timber/Wood"",
""confidence"": 0.95
},
""number_of_steps"": {
""value"": ""medium (10-20)"",
""confidence"": 0.7
},
""structure_position"": {
""value"": ""At-Grade"",
""confidence"": 0.9
}
}",medium (0.5-1.2m),0.4,No railings,1.0,Timber/Wood,0.95,medium (10-20),0.7,At-Grade,0.9,False
107975,2026-05-20T19:14:45.886719,gemma-4-26b-a4b-it,"{
    ""fall_height"": {
    ""value"": ""medium (0.5-1.2m)"",
    ""confidence"": 0.5
    },
    ""has_pedestrian_railing"": {
    ""value"": ""No railings"",
    ""confidence"": 0.95
    },
    ""material_frame_tank_body"": {
    ""value"": ""Concrete"",
    ""confidence"": 0.7
    },
    ""number_of_steps"": {
    ""value"": ""few (<10)"",
    ""confidence"": 0.9
    },
    ""structure_position"": {
    ""value"": ""At-Grade"",
    ""confidence"": 0.6
    }
}",medium (0.5-1.2m),0.5,No railings,0.95,Concrete,0.7,few (<10),0.9,At-Grade,0.6,False
107976,2026-05-20T19:15:21.670099,gemma-4-26b-a4b-it,"{
    ""fall_height"": {
        ""value"": ""low (<0.5m)"",
        ""confidence"": 0.9
    },
    ""has_pedestrian_railing"": {
        ""value"": ""No railings"",
        ""confidence"": 1.0
    },
    ""material_frame_tank_body"": {
        ""value"": ""Timber/Wood"",
        ""confidence"": 0.95
    },
    ""number_of_steps"": {
        ""value"": ""few (<10)"",
        ""confidence"": 0.8
    },
    ""structure_position"": {
        ""value"": ""At-Grade"",
        ""confidence"": 0.9
    }
}",low (<0.5m),0.9,No railings,1.0,Timber/Wood,0.95,few (<10),0.8,At-Grade,0.9,False
107977,2026-05-20T19:16:25.361629,gemma-4-26b-a4b-it,"{
    ""fall_height"": {
        ""value"": ""low (<0.5m)"",
        ""confidence"": 0.8
    },
    ""has_pedestrian_railing"": {
        ""value"": ""No railings"",
        ""confidence"": 1.0
    },
    ""material_frame_tank_body"": {
        ""value"": ""Timber/Wood"",
        ""confidence"": 0.6
    },
    ""number_of_steps"": {
        ""value"": ""few (<10)"",
        ""confidence"": 0.7
    },
    ""structure_position"": {
        ""value"": ""At-Grade"",
        ""confidence"": 0.9
    }
}",low (<0.5m),0.8,No railings,1.0,Timber/Wood,0.6,few (<10),0.7,At-Grade,0.9,False
107981,2026-05-20T19:17:24.744823,gemma-4-26b-a4b-it,"{
    ""fall_height"": {
        ""value"": ""low (<0.5m)"",
        ""confidence"": 0.8
    },
    ""has_pedestrian_railing"": {
        ""value"": ""No railings"",
        ""confidence"": 0.95
    },
    ""material_frame_tank_body"": {
        ""value"": ""Timber/Wood"",
        ""confidence"": 0.75
    },
    ""number_of_steps"": {
        ""value"": ""few (<10)"",
        ""confidence"": 0.7
    },
    ""structure_position"": {
        ""value"": ""At-Grade"",
        ""confidence"": 0.8
    }
}",low (<0.5m),0.8,No railings,0.95,Timber/Wood,0.75,few (<10),0.7,At-Grade,0.8,False
107983,2026-05-20T19:18:02.732307,gemma-4-26b-a4b-it,"{
    ""fall_height"": {
        ""value"": ""low (<0.5m)"",
        ""confidence"": 0.7
    },
    ""has_pedestrian_railing"": {
        ""value"": ""No railings"",
        ""confidence"": 0.95
    },
    ""material_frame_tank_body"": {
        ""value"": ""Rock/Stone"",
        ""confidence"": 0.8
    },
    ""number_of_steps"": {
        ""value"": ""few (<10)"",
        ""confidence"": 0.85
    },
    ""structure_position"": {
        ""value"": ""At-Grade"",
        ""confidence"": 0.9
    }
}",low (<0.5m),0.7,No railings,0.95,Rock/Stone,0.8,few (<10),0.85,At-Grade,0.9,False
107985,2026-05-20T19:18:49.808915,gemma-4-26b-a4b-it,"```json
{
    ""fall_height"": {
        ""value"": ""low (<0.5m)"",
        ""confidence"": 0.9
    },
    ""has_pedestrian_railing"": {
        ""value"": ""No railings"",
        ""confidence"": 1.0
    },
    ""material_frame_tank_body"": {
        ""value"": ""Timber/Wood"",
        ""confidence"": 0.7
    },
    ""number_of_steps"": {
        ""value"": ""few (<10)"",
        ""confidence"": 0.9
    },
    ""structure_position"": {
        ""value"": ""At-Grade"",
        ""confidence"": 0.8
    }
}
```",low (<0.5m),0.9,No railings,1.0,Timber/Wood,0.7,few (<10),0.9,At-Grade,0.8,False
107994,2026-05-20T19:19:29.758112,gemma-4-26b-a4b-it,"{
    ""fall_height"": {
        ""value"": ""low (<0.5m)"",
        ""confidence"": 0.7
    },
    ""has_pedestrian_railing"": {
        ""value"": ""No railings"",
        ""confidence"": 1.0
    },
    ""material_frame_tank_body"": {
        ""value"": ""Timber/Wood"",
        ""confidence"": 0.9
    },
    ""number_of_steps"": {
        ""value"": ""few (<10)"",
        ""confidence"": 0.8
    },
    ""structure_position"": {
        ""value"": ""At-Grade"",
        ""confidence"": 0.8
    }
}",low (<0.5m),0.7,No railings,1.0,Timber/Wood,0.9,few (<10),0.8,At-Grade,0.8,False
107999,2026-05-20T19:20:29.109046,gemma-4-26b-a4b-it,"{
    ""fall_height"": {
        ""value"": ""medium (0.5-1.2m)"",
        ""confidence"": 0.7
    },
    ""has_pedestrian_railing"": {
        ""value"": ""No railings"",
        ""confidence"": 1.0
    },
    ""material_frame_tank_body"": {
        ""value"": ""Timber/Wood"",
        ""confidence"": 1.0
    },
    ""number_of_steps"": {
        ""value"": ""few (<10)"",
        ""confidence"": 0.9
    },
    ""structure_position"": {
        ""value"": ""At-Grade"",
        ""confidence"": 0.8
    }
}",medium (0.5-1.2m),0.7,No railings,1.0,Timber/Wood,1.0,few (<10),0.9,At-Grade,0.8,False
108004,2026-05-20T19:20:31.213115,gemma-4-26b-a4b-it,,,,,,,,,,,,True
108005,2026-05-20T19:21:49.190295,gemma-4-26b-a4b-it,"{
    ""fall_height"": {
        ""value"": ""high (>1.2m)"",
        ""confidence"": 0.7
    },
    ""has_pedestrian_railing"": {
        ""value"": ""No railings"",
        ""confidence"": 1.0
    },
    ""material_frame_tank_body"": {
        ""value"": ""Timber/Wood"",
        ""confidence"": 1.0
    },
    ""number_of_steps"": {
        ""value"": ""medium (10-20)"",
        ""confidence"": 0.9
    },
    ""structure_position"": {
        ""value"": ""At-Grade"",
        ""confidence"": 0.8
    }
}",high (>1.2m),0.7,No railings,1.0,Timber/Wood,1.0,medium (10-20),0.9,At-Grade,0.8,False
108010,2026-05-20T19:22:28.763067,gemma-4-26b-a4b-it,"{
    ""fall_height"": {
        ""value"": ""medium (0.5-1.2m)"",
        ""confidence"": 0.6
    },
    ""has_pedestrian_railing"": {
        ""value"": ""No railings"",
        ""confidence"": 0.9
    },
    ""material_frame_tank_body"": {
        ""value"": ""Timber/Wood"",
        ""confidence"": 1.0
    },
    ""number_of_steps"": {
        ""value"": ""few (<10)"",
        ""confidence"": 0.9
    },
    ""structure_position"": {
        ""value"": ""At-Grade"",
        ""confidence"": 0.8
    }
}",medium (0.5-1.2m),0.6,No railings,0.9,Timber/Wood,1.0,few (<10),0.9,At-Grade,0.8,False
108012,2026-05-20T19:22:30.837379,gemma-4-26b-a4b-it,,,,,,,,,,,,True
108027,2026-05-20T19:23:33.367544,gemma-4-26b-a4b-it,"{
    ""fall_height"": {
        ""value"": ""low (<0.5m)"",
        ""confidence"": 0.9
    },
    ""has_pedestrian_railing"": {
        ""value"": ""No railings"",
        ""confidence"": 1.0
    },
    ""material_frame_tank_body"": {
        ""value"": ""Natural Surface"",
        ""confidence"": 0.8
    },
    ""number_of_steps"": {
        ""value"": ""few (<10)"",
        ""confidence"": 0.8
    },
    ""structure_position"": {
        ""value"": ""At-Grade"",
        ""confidence"": 0.9
    }
}",low (<0.5m),0.9,No railings,1.0,Natural Surface,0.8,few (<10),0.8,At-Grade,0.9,False
108028,2026-05-20T19:24:08.470434,gemma-4-26b-a4b-it,"{
    ""fall_height"": {
        ""value"": ""low (<0.5m)"",
        ""confidence"": 0.9
    },
    ""has_pedestrian_railing"": {
        ""value"": ""No railings"",
        ""confidence"": 1.0
    },
    ""material_frame_tank_body"": {
        ""value"": ""Timber/Wood"",
        ""confidence"": 1.0
    },
    ""number_of_steps"": {
        ""value"": ""few (<10)"",
        ""confidence"": 0.9
    },
    ""structure_position"": {
        ""value"": ""At-Grade"",
        ""confidence"": 0.8
    }
}",low (<0.5m),0.9,No railings,1.0,Timber/Wood,1.0,few (<10),0.9,At-Grade,0.8,False
108241,2026-05-20T19:24:10.319046,gemma-4-26b-a4b-it,,,,,,,,,,,,True
108734,2026-05-20T19:24:50.513398,gemma-4-26b-a4b-it,"{
""fall_height"": {
""value"": ""low (<0.5m)"",
""confidence"": 0.9
},
""has_pedestrian_railing"": {
""value"": ""No railings"",
""confidence"": 1.0
},
""material_frame_tank_body"": {
""value"": ""Timber/Wood"",
""confidence"": 1.0
},
""number_of_steps"": {
""value"": ""few (<10)"",
""confidence"": 0.9
},
""structure_position"": {
""value"": ""At-Grade"",
""confidence"": 0.7
}
}",low (<0.5m),0.9,No railings,1.0,Timber/Wood,1.0,few (<10),0.9,At-Grade,0.7,False
108764,2026-05-20T19:25:31.654461,gemma-4-26b-a4b-it,"{
    ""fall_height"": {
        ""value"": ""low (<0.5m)"",
        ""confidence"": 0.5
    },
    ""has_pedestrian_railing"": {
        ""value"": ""No railings"",
        ""confidence"": 0.95
    },
    ""material_frame_tank_body"": {
        ""value"": ""Rock/Stone"",
        ""confidence"": 0.95
    },
    ""number_of_steps"": {
        ""value"": ""few (<10)"",
        ""confidence"": 0.8
    },
    ""structure_position"": {
        ""value"": ""At-Grade"",
        ""confidence"": 0.7
    }
}",low (<0.5m),0.5,No railings,0.95,Rock/Stone,0.95,few (<10),0.8,At-Grade,0.7,False
108862,2026-05-20T19:26:32.409146,gemma-4-26b-a4b-it,"{
    ""fall_height"": {
        ""value"": ""low (<0.5m)"",
        ""confidence"": 0.7
    },
    ""has_pedestrian_railing"": {
        ""value"": ""2 railings"",
        ""confidence"": 1.0
    },
    ""material_frame_tank_body"": {
        ""value"": ""Concrete"",
        ""confidence"": 0.9
    },
    ""number_of_steps"": {
        ""value"": ""few (<10)"",
        ""confidence"": 0.9
    },
    ""structure_position"": {
        ""value"": ""At-Grade"",
        ""confidence"": 0.8
    }
}",low (<0.5m),0.7,2 railings,1.0,Concrete,0.9,few (<10),0.9,At-Grade,0.8,False
108868,2026-05-20T19:27:15.402228,gemma-4-26b-a4b-it,"{
    ""fall_height"": {
        ""value"": ""medium (0.5-1.2m)"",
        ""confidence"": 0.8
    },
    ""has_pedestrian_railing"": {
        ""value"": ""2 railings"",
        ""confidence"": 1.0
    },
    ""material_frame_tank_body"": {
        ""value"": ""Concrete"",
        ""confidence"": 1.0
    },
    ""number_of_steps"": {
        ""value"": ""few (<10)"",
        ""confidence"": 0.9
    },
    ""structure_position"": {
        ""value"": ""At-Grade"",
        ""confidence"": 0.8
    }
}",medium (0.5-1.2m),0.8,2 railings,1.0,Concrete,1.0,few (<10),0.9,At-Grade,0.8,False
109154,2026-05-20T19:28:01.265376,gemma-4-26b-a4b-it,"{
    ""fall_height"": {
        ""value"": ""medium (0.5-1.2m)"",
        ""confidence"": 0.7
    },
    ""has_pedestrian_railing"": {
        ""value"": ""No railings"",
        ""confidence"": 0.95
    },
    ""material_frame_tank_body"": {
        ""value"": ""Timber/Wood"",
        ""confidence"": 0.95
    },
    ""number_of_steps"": {
        ""value"": ""medium (10-20)"",
        ""confidence"": 0.8
    },
    ""structure_position"": {
        ""value"": ""At-Grade"",
        ""confidence"": 0.8
    }
}",medium (0.5-1.2m),0.7,No railings,0.95,Timber/Wood,0.95,medium (10-20),0.8,At-Grade,0.8,False
109165,2026-05-20T19:29:07.842616,gemma-4-26b-a4b-it,"{
    ""fall_height"": {
        ""value"": ""high (>1.2m)"",
        ""confidence"": 0.7
    },
    ""has_pedestrian_railing"": {
        ""value"": ""1 railing"",
        ""confidence"": 0.7
    },
    ""material_frame_tank_body"": {
        ""value"": ""Timber/Wood"",
        ""confidence"": 0.95
    },
    ""number_of_steps"": {
        ""value"": ""many (>20)"",
        ""confidence"": 0.9
    },
    ""structure_position"": {
        ""value"": ""At-Grade"",
        ""confidence"": 0.8
    }
}",high (>1.2m),0.7,1 railing,0.7,Timber/Wood,0.95,many (>20),0.9,At-Grade,0.8,False
109628,2026-05-20T19:30:06.906788,gemma-4-26b-a4b-it,"{
""fall_height"": {
""value"": ""low (<0.5m)"",
""confidence"": 0.7
},
""has_pedestrian_railing"": {
""value"": ""1 railing"",
""confidence"": 0.9
},
""material_frame_tank_body"": {
""value"": ""Timber/Wood"",
""confidence"": 1.0
},
""number_of_steps"": {
""value"": ""medium (10-20)"",
""confidence"": 0.7
},
""structure_position"": {
""value"": ""At-Grade"",
""confidence"": 0.8
}
}",low (<0.5m),0.7,1 railing,0.9,Timber/Wood,1.0,medium (10-20),0.7,At-Grade,0.8,False
109801,2026-05-20T19:30:55.277028,gemma-4-26b-a4b-it,"{
    ""fall_height"": {
        ""value"": ""high (>1.2m)"",
        ""confidence"": 0.9
    },
    ""has_pedestrian_railing"": {
        ""value"": ""1 railing"",
        ""confidence"": 1.0
    },
    ""material_frame_tank_body"": {
        ""value"": ""Concrete"",
        ""confidence"": 0.95
    },
    ""number_of_steps"": {
        ""value"": ""medium (10-20)"",
        ""confidence"": 0.85
    },
    ""structure_position"": {
        ""value"": ""Elevated"",
        ""confidence"": 0.7
    }
}",high (>1.2m),0.9,1 railing,1.0,Concrete,0.95,medium (10-20),0.85,Elevated,0.7,False
109803,2026-05-20T19:31:38.865698,gemma-4-26b-a4b-it,"{
    ""fall_height"": {
        ""value"": ""high (>1.2m)"",
        ""confidence"": 0.9
    },
    ""has_pedestrian_railing"": {
        ""value"": ""1 railing"",
        ""confidence"": 0.95
    },
    ""material_frame_tank_body"": {
        ""value"": ""Concrete"",
        ""confidence"": 1.0
    },
    ""number_of_steps"": {
        ""value"": ""medium (10-20)"",
        ""confidence"": 0.9
    },
    ""structure_position"": {
        ""value"": ""At-Grade"",
        ""confidence"": 0.8
    }
}",high (>1.2m),0.9,1 railing,0.95,Concrete,1.0,medium (10-20),0.9,At-Grade,0.8,False
109804,2026-05-20T19:32:08.301565,gemma-4-26b-a4b-it,"{
    ""fall_height"": {
        ""value"": ""high (>1.2m)"",
        ""confidence"": 0.9
    },
    ""has_pedestrian_railing"": {
        ""value"": ""1 railing"",
        ""confidence"": 1.0
    },
    ""material_frame_tank_body"": {
        ""value"": ""Concrete"",
        ""confidence"": 0.95
    },
    ""number_of_steps"": {
        ""value"": ""medium (10-20)"",
        ""confidence"": 0.9
    },
    ""structure_position"": {
        ""value"": ""At-Grade"",
        ""confidence"": 0.7
    }
}",high (>1.2m),0.9,1 railing,1.0,Concrete,0.95,medium (10-20),0.9,At-Grade,0.7,False
109806,2026-05-20T19:32:57.480356,gemma-4-26b-a4b-it,"{
    ""fall_height"": {
        ""value"": ""high (>1.2m)"",
        ""confidence"": 0.9
    },
    ""has_pedestrian_railing"": {
        ""value"": ""1 railing"",
        ""confidence"": 1.0
    },
    ""material_frame_tank_body"": {
        ""value"": ""Concrete"",
        ""confidence"": 1.0
    },
    ""number_of_steps"": {
        ""value"": ""medium (10-20)"",
        ""confidence"": 0.9
    },
    ""structure_position"": {
        ""value"": ""At-Grade"",
        ""confidence"": 0.7
    }
}",high (>1.2m),0.9,1 railing,1.0,Concrete,1.0,medium (10-20),0.9,At-Grade,0.7,False
109807,2026-05-20T19:34:40.612584,gemma-4-26b-a4b-it,"{
""fall_height"": {
""value"": ""high (>1.2m)"",
""confidence"": 0.7
},
""has_pedestrian_railing"": {
""value"": ""No railings"",
""confidence"": 1.0
},
""material_frame_tank_body"": {
""value"": ""Concrete"",
""confidence"": 1.0
},
""number_of_steps"": {
""value"": ""medium (10-20)"",
""confidence"": 0.7
},
""structure_position"": {
""value"": ""At-Grade"",
""confidence"": 0.6
}
}",high (>1.2m),0.7,No railings,1.0,Concrete,1.0,medium (10-20),0.7,At-Grade,0.6,False
109919,2026-05-20T19:35:51.245130,gemma-4-26b-a4b-it,"{
    ""fall_height"": {
        ""value"": ""medium (0.5-1.2m)"",
        ""confidence"": 0.7
    },
    ""has_pedestrian_railing"": {
        ""value"": ""2 railings"",
        ""confidence"": 1.0
    },
    ""material_frame_tank_body"": {
        ""value"": ""Timber/Wood"",
        ""confidence"": 0.9
    },
    ""number_of_steps"": {
        ""value"": ""few (<10)"",
        ""confidence"": 0.9
    },
    ""structure_position"": {
        ""value"": ""At-Grade"",
        ""confidence"": 0.7
    }
}",medium (0.5-1.2m),0.7,2 railings,1.0,Timber/Wood,0.9,few (<10),0.9,At-Grade,0.7,False
110086,2026-05-20T19:36:26.872573,gemma-4-26b-a4b-it,"{
    ""fall_height"": {
        ""value"": ""medium (0.5-1.2m)"",
        ""confidence"": 0.7
    },
    ""has_pedestrian_railing"": {
        ""value"": ""1 railing"",
        ""confidence"": 1.0
    },
    ""material_frame_tank_body"": {
        ""value"": ""Rock/Stone"",
        ""confidence"": 0.8
    },
    ""number_of_steps"": {
        ""value"": ""few (<10)"",
        ""confidence"": 1.0
    },
    ""structure_position"": {
        ""value"": ""At-Grade"",
        ""confidence"": 0.8
    }
}",medium (0.5-1.2m),0.7,1 railing,1.0,Rock/Stone,0.8,few (<10),1.0,At-Grade,0.8,False
110087,2026-05-20T19:37:02.669198,gemma-4-26b-a4b-it,"{
    ""fall_height"": {
        ""value"": ""medium (0.5-1.2m)"",
        ""confidence"": 0.7
    },
    ""has_pedestrian_railing"": {
        ""value"": ""1 railing"",
        ""confidence"": 1.0
    },
    ""material_frame_tank_body"": {
        ""value"": ""Rock/Stone"",
        ""confidence"": 0.95
    },
    ""number_of_steps"": {
        ""value"": ""few (<10)"",
        ""confidence"": 1.0
    },
    ""structure_position"": {
        ""value"": ""At-Grade"",
        ""confidence"": 0.8
    }
}",medium (0.5-1.2m),0.7,1 railing,1.0,Rock/Stone,0.95,few (<10),1.0,At-Grade,0.8,False
110173,2026-05-20T19:37:48.400575,gemma-4-26b-a4b-it,"{
    ""fall_height"": {
    ""value"": ""low (<0.5m)"",
    ""confidence"": 0.8
    },
    ""has_pedestrian_railing"": {
    ""value"": ""No railings"",
    ""confidence"": 1.0
    },
    ""material_frame_tank_body"": {
    ""value"": ""Rock/Stone"",
    ""confidence"": 0.7
    },
    ""number_of_steps"": {
    ""value"": ""few (<10)"",
    ""confidence"": 0.9
    },
    ""structure_position"": {
    ""value"": ""At-Grade"",
    ""confidence"": 1.0
    }
}",low (<0.5m),0.8,No railings,1.0,Rock/Stone,0.7,few (<10),0.9,At-Grade,1.0,False
110284,2026-05-20T19:38:10.498363,gemma-4-26b-a4b-it,"{
    ""fall_height"": {
        ""value"": ""low (<0.5m)"",
        ""confidence"": 0.9
    },
    ""has_pedestrian_railing"": {
        ""value"": ""No railings"",
        ""confidence"": 1.0
    },
    ""material_frame_tank_body"": {
        ""value"": ""Timber/Wood"",
        ""confidence"": 1.0
    },
    ""number_of_steps"": {
        ""value"": ""few (<10)"",
        ""confidence"": 0.9
    },
    ""structure_position"": {
        ""value"": ""At-Grade"",
        ""confidence"": 0.8
    }
}",low (<0.5m),0.9,No railings,1.0,Timber/Wood,1.0,few (<10),0.9,At-Grade,0.8,False
110287,2026-05-20T19:39:13.447372,gemma-4-26b-a4b-it,"{
    ""fall_height"": {
    ""value"": ""medium (0.5-1.2m)"",
    ""confidence"": 0.6
    },
    ""has_pedestrian_railing"": {
    ""value"": ""1 railing"",
    ""confidence"": 0.95
    },
    ""material_frame_tank_body"": {
    ""value"": ""Timber/Wood"",
    ""confidence"": 1.0
    },
    ""number_of_steps"": {
    ""value"": ""few (<10)"",
    ""confidence"": 0.9
    },
    ""structure_position"": {
    ""value"": ""Elevated"",
    ""confidence"": 0.8
    }
}",medium (0.5-1.2m),0.6,1 railing,0.95,Timber/Wood,1.0,few (<10),0.9,Elevated,0.8,False
110371,2026-05-20T19:39:36.587402,gemma-4-26b-a4b-it,"{
    ""fall_height"": {
        ""value"": ""low (<0.5m)"",
        ""confidence"": 0.9
    },
    ""has_pedestrian_railing"": {
        ""value"": ""No railings"",
        ""confidence"": 1.0
    },
    ""material_frame_tank_body"": {
        ""value"": ""Concrete"",
        ""confidence"": 0.8
    },
    ""number_of_steps"": {
        ""value"": ""few (<10)"",
        ""confidence"": 1.0
    },
    ""structure_position"": {
        ""value"": ""At-Grade"",
        ""confidence"": 0.9
    }
}",low (<0.5m),0.9,No railings,1.0,Concrete,0.8,few (<10),1.0,At-Grade,0.9,False
110568,2026-05-20T19:39:59.876362,gemma-4-26b-a4b-it,"{
    ""fall_height"": {
        ""value"": ""high (>1.2m)"",
        ""confidence"": 0.9
    },
    ""has_pedestrian_railing"": {
        ""value"": ""2 railings"",
        ""confidence"": 0.95
    },
    ""material_frame_tank_body"": {
        ""value"": ""Timber/Wood"",
        ""confidence"": 1.0
    },
    ""number_of_steps"": {
        ""value"": ""few (<10)"",
        ""confidence"": 0.9
    },
    ""structure_position"": {
        ""value"": ""Elevated"",
        ""confidence"": 1.0
    }
}",high (>1.2m),0.9,2 railings,0.95,Timber/Wood,1.0,few (<10),0.9,Elevated,1.0,False
110703,2026-05-20T19:40:37.464063,gemma-4-26b-a4b-it,"{
    ""fall_height"": {
        ""value"": ""medium (0.5-1.2m)"",
        ""confidence"": 0.7
    },
    ""has_pedestrian_railing"": {
        ""value"": ""No railings"",
        ""confidence"": 1.0
    },
    ""material_frame_tank_body"": {
        ""value"": ""Timber/Wood"",
        ""confidence"": 1.0
    },
    ""number_of_steps"": {
        ""value"": ""few (<10)"",
        ""confidence"": 0.9
    },
    ""structure_position"": {
        ""value"": ""At-Grade"",
        ""confidence"": 0.9
    }
}",medium (0.5-1.2m),0.7,No railings,1.0,Timber/Wood,1.0,few (<10),0.9,At-Grade,0.9,False
110828,2026-05-20T19:41:45.423602,gemma-4-26b-a4b-it,"{
    ""fall_height"": {
        ""value"": ""high (>1.2m)"",
        ""confidence"": 0.95
    },
    ""has_pedestrian_railing"": {
        ""value"": ""2 railings"",
        ""confidence"": 1.0
    },
    ""material_frame_tank_body"": {
        ""value"": ""Steel"",
        ""confidence"": 0.9
    },
    ""number_of_steps"": {
        ""value"": ""medium (10-20)"",
        ""confidence"": 0.95
    },
    ""structure_position"": {
        ""value"": ""Elevated"",
        ""confidence"": 0.8
    }
}",high (>1.2m),0.95,2 railings,1.0,Steel,0.9,medium (10-20),0.95,Elevated,0.8,False
110871,2026-05-20T19:42:35.707518,gemma-4-26b-a4b-it,"{
    ""fall_height"": {
    ""value"": ""low (<0.5m)"",
    ""confidence"": 0.8
    },
    ""has_pedestrian_railing"": {
    ""value"": ""No railings"",
    ""confidence"": 0.95
    },
    ""material_frame_tank_body"": {
    ""value"": ""Timber/Wood"",
    ""confidence"": 1.0
    },
    ""number_of_steps"": {
    ""value"": ""many (>20)"",
    ""confidence"": 0.9
    },
    ""structure_position"": {
    ""value"": ""At-Grade"",
    ""confidence"": 0.9
    }
}",low (<0.5m),0.8,No railings,0.95,Timber/Wood,1.0,many (>20),0.9,At-Grade,0.9,False
111450,2026-05-20T19:43:33.147772,gemma-4-26b-a4b-it,"```json
{
    ""fall_height"": {
        ""value"": ""high (>1.2m)"",
        ""confidence"": 0.8
    },
    ""has_pedestrian_railing"": {
        ""value"": ""No railings"",
        ""confidence"": 1.0
    },
    ""material_frame_tank_body"": {
        ""value"": ""Timber/Wood"",
        ""confidence"": 0.75
    },
    ""number_of_steps"": {
        ""value"": ""many (>20)"",
        ""confidence"": 1.0
    },
    ""structure_position"": {
        ""value"": ""At-Grade"",
        ""confidence"": 0.9
    }
}
```",high (>1.2m),0.8,No railings,1.0,Timber/Wood,0.75,many (>20),1.0,At-Grade,0.9,False
111458,2026-05-20T19:44:31.996642,gemma-4-26b-a4b-it,"{
    ""fall_height"": {
        ""value"": ""high (>1.2m)"",
        ""confidence"": 0.9
    },
    ""has_pedestrian_railing"": {
        ""value"": ""No railings"",
        ""confidence"": 1.0
    },
    ""material_frame_tank_body"": {
        ""value"": ""Timber/Wood"",
        ""confidence"": 1.0
    },
    ""number_of_steps"": {
        ""value"": ""many (>20)"",
        ""confidence"": 0.85
    },
    ""structure_position"": {
        ""value"": ""At-Grade"",
        ""confidence"": 0.9
    }
}",high (>1.2m),0.9,No railings,1.0,Timber/Wood,1.0,many (>20),0.85,At-Grade,0.9,False
111482,2026-05-20T19:45:25.539589,gemma-4-26b-a4b-it,"{
""fall_height"": {
""value"": ""low (<0.5m)"",
""confidence"": 0.7
},
""has_pedestrian_railing"": {
""value"": ""1 railing"",
""confidence"": 0.95
},
""material_frame_tank_body"": {
""value"": ""Rock/Stone"",
""confidence"": 1.0
},
""number_of_steps"": {
""value"": ""few (<10)"",
""confidence"": 0.95
},
""structure_position"": {
""value"": ""At-Grade"",
""confidence"": 0.9
}
}",low (<0.5m),0.7,1 railing,0.95,Rock/Stone,1.0,few (<10),0.95,At-Grade,0.9,False
111583,2026-05-20T19:45:59.850506,gemma-4-26b-a4b-it,"{
    ""fall_height"": {
        ""value"": ""low (<0.5m)"",
        ""confidence"": 0.8
    },
    ""has_pedestrian_railing"": {
        ""value"": ""No railings"",
        ""confidence"": 0.95
    },
    ""material_frame_tank_body"": {
        ""value"": ""Rock/Stone"",
        ""confidence"": 0.95
    },
    ""number_of_steps"": {
        ""value"": ""few (<10)"",
        ""confidence"": 0.7
    },
    ""structure_position"": {
        ""value"": ""At-Grade"",
        ""confidence"": 0.8
    }
}",low (<0.5m),0.8,No railings,0.95,Rock/Stone,0.95,few (<10),0.7,At-Grade,0.8,False
112127,2026-05-20T19:46:35.293739,gemma-4-26b-a4b-it,"{
    ""fall_height"": {
        ""value"": ""low (<0.5m)"",
        ""confidence"": 0.9
    },
    ""has_pedestrian_railing"": {
        ""value"": ""No railings"",
        ""confidence"": 1.0
    },
    ""material_frame_tank_body"": {
        ""value"": ""Timber/Wood"",
        ""confidence"": 0.9
    },
    ""number_of_steps"": {
        ""value"": ""few (<10)"",
        ""confidence"": 1.0
    },
    ""structure_position"": {
        ""value"": ""At-Grade"",
        ""confidence"": 0.9
    }
}",low (<0.5m),0.9,No railings,1.0,Timber/Wood,0.9,few (<10),1.0,At-Grade,0.9,False
112342,2026-05-20T19:47:09.826632,gemma-4-26b-a4b-it,"{
    ""fall_height"": {
        ""value"": ""high (>1.2m)"",
        ""confidence"": 0.8
    },
    ""has_pedestrian_railing"": {
        ""value"": ""1 railing"",
        ""confidence"": 0.95
    },
    ""material_frame_tank_body"": {
        ""value"": ""Timber/Wood"",
        ""confidence"": 0.9
    },
    ""number_of_steps"": {
        ""value"": ""many (>20)"",
        ""confidence"": 0.9
    },
    ""structure_position"": {
        ""value"": ""Elevated"",
        ""confidence"": 0.8
    }
}",high (>1.2m),0.8,1 railing,0.95,Timber/Wood,0.9,many (>20),0.9,Elevated,0.8,False
112490,2026-05-20T19:48:13.519542,gemma-4-26b-a4b-it,"{
    ""fall_height"": {
        ""value"": ""high (>1.2m)"",
        ""confidence"": 0.7
    },
    ""has_pedestrian_railing"": {
        ""value"": ""No railings"",
        ""confidence"": 1.0
    },
    ""material_frame_tank_body"": {
        ""value"": ""Timber/Wood"",
        ""confidence"": 1.0
    },
    ""number_of_steps"": {
        ""value"": ""many (>20)"",
        ""confidence"": 0.7
    },
    ""structure_position"": {
        ""value"": ""At-Grade"",
        ""confidence"": 0.9
    }
}",high (>1.2m),0.7,No railings,1.0,Timber/Wood,1.0,many (>20),0.7,At-Grade,0.9,False
112573,2026-05-20T19:48:40.389011,gemma-4-26b-a4b-it,"{
    ""fall_height"": {
        ""value"": ""low (<0.5m)"",
        ""confidence"": 0.7
    },
    ""has_pedestrian_railing"": {
        ""value"": ""No railings"",
        ""confidence"": 1.0
    },
    ""material_frame_tank_body"": {
        ""value"": ""Timber/Wood"",
        ""confidence"": 1.0
    },
    ""number_of_steps"": {
        ""value"": ""few (<10)"",
        ""confidence"": 0.9
    },
    ""structure_position"": {
        ""value"": ""At-Grade"",
        ""confidence"": 0.9
    }
}",low (<0.5m),0.7,No railings,1.0,Timber/Wood,1.0,few (<10),0.9,At-Grade,0.9,False
112902,2026-05-20T19:49:41.178897,gemma-4-26b-a4b-it,"{
    ""fall_height"": {
        ""value"": ""medium (0.5-1.2m)"",
        ""confidence"": 0.7
    },
    ""has_pedestrian_railing"": {
        ""value"": ""No railings"",
        ""confidence"": 1.0
    },
    ""material_frame_tank_body"": {
        ""value"": ""Timber/Wood"",
        ""confidence"": 1.0
    },
    ""number_of_steps"": {
        ""value"": ""few (<10)"",
        ""confidence"": 0.9
    },
    ""structure_position"": {
        ""value"": ""At-Grade"",
        ""confidence"": 0.8
    }
}",medium (0.5-1.2m),0.7,No railings,1.0,Timber/Wood,1.0,few (<10),0.9,At-Grade,0.8,False
112908,2026-05-20T19:50:36.635068,gemma-4-26b-a4b-it,"{
    ""fall_height"": {
        ""value"": ""high (>1.2m)"",
        ""confidence"": 0.7
    },
    ""has_pedestrian_railing"": {
        ""value"": ""No railings"",
        ""confidence"": 0.9
    },
    ""material_frame_tank_body"": {
        ""value"": ""Concrete"",
        ""confidence"": 1.0
    },
    ""number_of_steps"": {
        ""value"": ""medium (10-20)"",
        ""confidence"": 0.8
    },
    ""structure_position"": {
        ""value"": ""At-Grade"",
        ""confidence"": 0.7
    }
}",high (>1.2m),0.7,No railings,0.9,Concrete,1.0,medium (10-20),0.8,At-Grade,0.7,False
113157,2026-05-20T19:51:33.191818,gemma-4-26b-a4b-it,"{
    ""fall_height"": {
        ""value"": ""medium (0.5-1.2m)"",
        ""confidence"": 0.5
    },
    ""has_pedestrian_railing"": {
        ""value"": ""2 railings"",
        ""confidence"": 0.9
    },
    ""material_frame_tank_body"": {
        ""value"": ""Timber/Wood"",
        ""confidence"": 1.0
    },
    ""number_of_steps"": {
        ""value"": ""medium (10-20)"",
        ""confidence"": 0.8
    },
    ""structure_position"": {
        ""value"": ""At-Grade"",
        ""confidence"": 0.7
    }
}",medium (0.5-1.2m),0.5,2 railings,0.9,Timber/Wood,1.0,medium (10-20),0.8,At-Grade,0.7,False
113161,2026-05-20T19:52:57.236438,gemma-4-26b-a4b-it,"{
    ""fall_height"": {
        ""value"": ""low (<0.5m)"",
        ""confidence"": 0.6
    },
    ""has_pedestrian_railing"": {
        ""value"": ""1 railing"",
        ""confidence"": 0.9
    },
    ""material_frame_tank_body"": {
        ""value"": ""Timber/Wood"",
        ""confidence"": 1.0
    },
    ""number_of_steps"": {
        ""value"": ""few (<10)"",
        ""confidence"": 0.8
    },
    ""structure_position"": {
        ""value"": ""At-Grade"",
        ""confidence"": 0.7
    }
}",low (<0.5m),0.6,1 railing,0.9,Timber/Wood,1.0,few (<10),0.8,At-Grade,0.7,False
113187,2026-05-20T19:53:58.445900,gemma-4-26b-a4b-it,"{
    ""fall_height"": {
    ""value"": ""medium (0.5-1.2m)"",
    ""confidence"": 0.7
    },
    ""has_pedestrian_railing"": {
    ""value"": ""1 railing"",
    ""confidence"": 1.0
    },
    ""material_frame_tank_body"": {
    ""value"": ""Timber/Wood"",
    ""confidence"": 1.0
    },
    ""number_of_steps"": {
    ""value"": ""few (<10)"",
    ""confidence"": 0.9
    },
    ""structure_position"": {
    ""value"": ""At-Grade"",
    ""confidence"": 0.7
    }
}",medium (0.5-1.2m),0.7,1 railing,1.0,Timber/Wood,1.0,few (<10),0.9,At-Grade,0.7,False
113193,2026-05-20T19:54:57.037525,gemma-4-26b-a4b-it,"{
""fall_height"": {
""value"": ""high (>1.2m)"",
""confidence"": 0.7
},
""has_pedestrian_railing"": {
""value"": ""1 railing"",
""confidence"": 0.9
},
""material_frame_tank_body"": {
""value"": ""Timber/Wood"",
""confidence"": 1.0
},
""number_of_steps"": {
""value"": ""medium (10-20)"",
""confidence"": 0.8
},
""structure_position"": {
""value"": ""At-Grade"",
""confidence"": 0.8
}
}",high (>1.2m),0.7,1 railing,0.9,Timber/Wood,1.0,medium (10-20),0.8,At-Grade,0.8,False
113194,2026-05-20T19:55:54.158434,gemma-4-26b-a4b-it,"```json
{
    ""fall_height"": {
        ""value"": ""medium (0.5-1.2m)"",
        ""confidence"": 0.7
    },
    ""has_pedestrian_railing"": {
        ""value"": ""1 railing"",
        ""confidence"": 0.8
    },
    ""material_frame_tank_body"": {
        ""value"": ""Timber/Wood"",
        ""confidence"": 0.95
    },
    ""number_of_steps"": {
        ""value"": ""medium (10-20)"",
        ""confidence"": 0.85
    },
    ""structure_position"": {
        ""value"": ""Elevated"",
        ""confidence"": 0.9
    }
}
```",medium (0.5-1.2m),0.7,1 railing,0.8,Timber/Wood,0.95,medium (10-20),0.85,Elevated,0.9,False
113196,2026-05-20T19:56:40.085214,gemma-4-26b-a4b-it,"{
    ""fall_height"": {
        ""value"": ""medium (0.5-1.2m)"",
        ""confidence"": 0.7
    },
    ""has_pedestrian_railing"": {
        ""value"": ""1 railing"",
        ""confidence"": 1.0
    },
    ""material_frame_tank_body"": {
        ""value"": ""Timber/Wood"",
        ""confidence"": 1.0
    },
    ""number_of_steps"": {
        ""value"": ""few (<10)"",
        ""confidence"": 0.95
    },
    ""structure_position"": {
        ""value"": ""At-Grade"",
        ""confidence"": 0.8
    }
}",medium (0.5-1.2m),0.7,1 railing,1.0,Timber/Wood,1.0,few (<10),0.95,At-Grade,0.8,False
113200,2026-05-20T19:57:39.225173,gemma-4-26b-a4b-it,"```json
{
    ""fall_height"": {
        ""value"": ""low (<0.5m)"",
        ""confidence"": 0.6
    },
    ""has_pedestrian_railing"": {
        ""value"": ""No railings"",
        ""confidence"": 1.0
    },
    ""material_frame_tank_body"": {
        ""value"": ""Timber/Wood"",
        ""confidence"": 0.9
    },
    ""number_of_steps"": {
        ""value"": ""few (<10)"",
        ""confidence"": 0.9
    },
    ""structure_position"": {
        ""value"": ""At-Grade"",
        ""confidence"": 1.0
    }
}
```",low (<0.5m),0.6,No railings,1.0,Timber/Wood,0.9,few (<10),0.9,At-Grade,1.0,False
113203,2026-05-20T19:58:30.725916,gemma-4-26b-a4b-it,"{
    ""fall_height"": {
        ""value"": ""low (<0.5m)"",
        ""confidence"": 0.7
    },
    ""has_pedestrian_railing"": {
        ""value"": ""1 railing"",
        ""confidence"": 0.95
    },
    ""material_frame_tank_body"": {
        ""value"": ""Timber/Wood"",
        ""confidence"": 1.0
    },
    ""number_of_steps"": {
        ""value"": ""medium (10-20)"",
        ""confidence"": 0.9
    },
    ""structure_position"": {
        ""value"": ""At-Grade"",
        ""confidence"": 0.8
    }
}",low (<0.5m),0.7,1 railing,0.95,Timber/Wood,1.0,medium (10-20),0.9,At-Grade,0.8,False
113204,2026-05-20T19:59:19.199481,gemma-4-26b-a4b-it,"{
    ""fall_height"": {
        ""value"": ""unable to determine"",
        ""confidence"": 0.0
    },
    ""has_pedestrian_railing"": {
        ""value"": ""No railings"",
        ""confidence"": 0.9
    },
    ""material_frame_tank_body"": {
        ""value"": ""Timber/Wood"",
        ""confidence"": 1.0
    },
    ""number_of_steps"": {
        ""value"": ""medium (10-20)"",
        ""confidence"": 0.7
    },
    ""structure_position"": {
        ""value"": ""At-Grade"",
        ""confidence"": 0.8
    }
}",unable to determine,0.0,No railings,0.9,Timber/Wood,1.0,medium (10-20),0.7,At-Grade,0.8,False
113205,2026-05-20T20:00:21.540633,gemma-4-26b-a4b-it,"```json
{
    ""fall_height"": {
        ""value"": ""high (>1.2m)"",
        ""confidence"": 0.8
    },
    ""has_pedestrian_railing"": {
        ""value"": ""2 railings"",
        ""confidence"": 0.9
    },
    ""material_frame_tank_body"": {
        ""value"": ""Timber/Wood"",
        ""confidence"": 1.0
    },
    ""number_of_steps"": {
        ""value"": ""medium (10-20)"",
        ""confidence"": 0.7
    },
    ""structure_position"": {
        ""value"": ""Elevated"",
        ""confidence"": 0.8
    }
}
```",high (>1.2m),0.8,2 railings,0.9,Timber/Wood,1.0,medium (10-20),0.7,Elevated,0.8,False
114558,2026-05-20T20:00:48.440917,gemma-4-26b-a4b-it,"{
    ""fall_height"": {
        ""value"": ""low (<0.5m)"",
        ""confidence"": 0.9
    },
    ""has_pedestrian_railing"": {
        ""value"": ""No railings"",
        ""confidence"": 1.0
    },
    ""material_frame_tank_body"": {
        ""value"": ""Timber/Wood"",
        ""confidence"": 0.9
    },
    ""number_of_steps"": {
        ""value"": ""few (<10)"",
        ""confidence"": 1.0
    },
    ""structure_position"": {
        ""value"": ""At-Grade"",
        ""confidence"": 0.9
    }
}",low (<0.5m),0.9,No railings,1.0,Timber/Wood,0.9,few (<10),1.0,At-Grade,0.9,False
114567,2026-05-20T20:01:39.892298,gemma-4-26b-a4b-it,"{
    ""fall_height"": {
        ""value"": ""medium (0.5-1.2m)"",
        ""confidence"": 0.4
    },
    ""has_pedestrian_railing"": {
        ""value"": ""1 railing"",
        ""confidence"": 1.0
    },
    ""material_frame_tank_body"": {
        ""value"": ""Rock/Stone"",
        ""confidence"": 0.95
    },
    ""number_of_steps"": {
        ""value"": ""few (<10)"",
        ""confidence"": 0.95
    },
    ""structure_position"": {
        ""value"": ""At-Grade"",
        ""confidence"": 0.85
    }
}",medium (0.5-1.2m),0.4,1 railing,1.0,Rock/Stone,0.95,few (<10),0.95,At-Grade,0.85,False
114575,2026-05-20T20:02:40.469213,gemma-4-26b-a4b-it,"{
    ""fall_height"": {
        ""value"": ""medium (0.5-1.2m)"",
        ""confidence"": 0.7
    },
    ""has_pedestrian_railing"": {
        ""value"": ""No railings"",
        ""confidence"": 0.95
    },
    ""material_frame_tank_body"": {
        ""value"": ""Timber/Wood"",
        ""confidence"": 0.9
    },
    ""number_of_steps"": {
        ""value"": ""few (<10)"",
        ""confidence"": 0.95
    },
    ""structure_position"": {
        ""value"": ""At-Grade"",
        ""confidence"": 0.8
    }
}",medium (0.5-1.2m),0.7,No railings,0.95,Timber/Wood,0.9,few (<10),0.95,At-Grade,0.8,False
115090,2026-05-20T20:03:23.102191,gemma-4-26b-a4b-it,"{
    ""fall_height"": {
        ""value"": ""medium (0.5-1.2m)"",
        ""confidence"": 0.7
    },
    ""has_pedestrian_railing"": {
        ""value"": ""1 railing"",
        ""confidence"": 1.0
    },
    ""material_frame_tank_body"": {
        ""value"": ""Concrete"",
        ""confidence"": 1.0
    },
    ""number_of_steps"": {
        ""value"": ""few (<10)"",
        ""confidence"": 0.9
    },
    ""structure_position"": {
        ""value"": ""At-Grade"",
        ""confidence"": 0.9
    }
}",medium (0.5-1.2m),0.7,1 railing,1.0,Concrete,1.0,few (<10),0.9,At-Grade,0.9,False
116610,2026-05-20T20:04:11.762470,gemma-4-26b-a4b-it,"{
    ""fall_height"": {
        ""value"": ""high (>1.2m)"",
        ""confidence"": 0.8
    },
    ""has_pedestrian_railing"": {
        ""value"": ""2 railings"",
        ""confidence"": 1.0
    },
    ""material_frame_tank_body"": {
        ""value"": ""Timber/Wood"",
        ""confidence"": 1.0
    },
    ""number_of_steps"": {
        ""value"": ""medium (10-20)"",
        ""confidence"": 0.9
    },
    ""structure_position"": {
        ""value"": ""Elevated"",
        ""confidence"": 0.7
    }
}",high (>1.2m),0.8,2 railings,1.0,Timber/Wood,1.0,medium (10-20),0.9,Elevated,0.7,False
116732,2026-05-20T20:04:44.065028,gemma-4-26b-a4b-it,"{
    ""fall_height"": {
        ""value"": ""low (<0.5m)"",
        ""confidence"": 0.8
    },
    ""has_pedestrian_railing"": {
        ""value"": ""No railings"",
        ""confidence"": 1.0
    },
    ""material_frame_tank_body"": {
        ""value"": ""Timber/Wood"",
        ""confidence"": 0.95
    },
    ""number_of_steps"": {
        ""value"": ""few (<10)"",
        ""confidence"": 0.7
    },
    ""structure_position"": {
        ""value"": ""At-Grade"",
        ""confidence"": 0.9
    }
}",low (<0.5m),0.8,No railings,1.0,Timber/Wood,0.95,few (<10),0.7,At-Grade,0.9,False
116796,2026-05-20T20:05:28.761484,gemma-4-26b-a4b-it,"{
    ""fall_height"": {
        ""value"": ""low (<0.5m)"",
        ""confidence"": 0.8
    },
    ""has_pedestrian_railing"": {
        ""value"": ""1 railing"",
        ""confidence"": 0.9
    },
    ""material_frame_tank_body"": {
        ""value"": ""Timber/Wood"",
        ""confidence"": 1.0
    },
    ""number_of_steps"": {
        ""value"": ""medium (10-20)"",
        ""confidence"": 0.7
    },
    ""structure_position"": {
        ""value"": ""Elevated"",
        ""confidence"": 0.9
    }
}",low (<0.5m),0.8,1 railing,0.9,Timber/Wood,1.0,medium (10-20),0.7,Elevated,0.9,False
117205,2026-05-20T20:06:12.197819,gemma-4-26b-a4b-it,"```json
{
    ""fall_height"": {
        ""value"": ""medium (0.5-1.2m)"",
        ""confidence"": 0.6
    },
    ""has_pedestrian_railing"": {
        ""value"": ""1 railing"",
        ""confidence"": 0.95
    },
    ""material_frame_tank_body"": {
        ""value"": ""Timber/Wood"",
        ""confidence"": 1.0
    },
    ""number_of_steps"": {
        ""value"": ""medium (10-20)"",
        ""confidence"": 0.9
    },
    ""structure_position"": {
        ""value"": ""At-Grade"",
        ""confidence"": 0.7
    }
}
```",medium (0.5-1.2m),0.6,1 railing,0.95,Timber/Wood,1.0,medium (10-20),0.9,At-Grade,0.7,False
117219,2026-05-20T20:07:22.861033,gemma-4-26b-a4b-it,"{
    ""fall_height"": {
    ""value"": ""high (>1.2m)"",
    ""confidence"": 0.7
    },
    ""has_pedestrian_railing"": {
    ""value"": ""1 railing"",
    ""confidence"": 0.95
    },
    ""material_frame_tank_body"": {
    ""value"": ""Timber/Wood"",
    ""confidence"": 1.0
    },
    ""number_of_steps"": {
    ""value"": ""medium (10-20)"",
    ""confidence"": 0.9
    },
    ""structure_position"": {
    ""value"": ""Elevated"",
    ""confidence"": 0.7
    }
}",high (>1.2m),0.7,1 railing,0.95,Timber/Wood,1.0,medium (10-20),0.9,Elevated,0.7,False
117590,2026-05-20T20:08:15.005447,gemma-4-26b-a4b-it,"{
    ""fall_height"": {
    ""value"": ""medium (0.5-1.2m)"",
    ""confidence"": 0.7
    },
    ""has_pedestrian_railing"": {
    ""value"": ""No railings"",
    ""confidence"": 0.95
    },
    ""material_frame_tank_body"": {
    ""value"": ""Timber/Wood"",
    ""confidence"": 1.0
    },
    ""number_of_steps"": {
    ""value"": ""few (<10)"",
    ""confidence"": 1.0
    },
    ""structure_position"": {
    ""value"": ""Elevated"",
    ""confidence"": 0.8
    }
}",medium (0.5-1.2m),0.7,No railings,0.95,Timber/Wood,1.0,few (<10),1.0,Elevated,0.8,False
117800,2026-05-20T20:08:45.491156,gemma-4-26b-a4b-it,"{
    ""fall_height"": {
        ""value"": ""low (<0.5m)"",
        ""confidence"": 0.95
    },
    ""has_pedestrian_railing"": {
        ""value"": ""No railings"",
        ""confidence"": 0.9
    },
    ""material_frame_tank_body"": {
        ""value"": ""Timber/Wood"",
        ""confidence"": 0.95
    },
    ""number_of_steps"": {
        ""value"": ""few (<10)"",
        ""confidence"": 1.0
    },
    ""structure_position"": {
        ""value"": ""At-Grade"",
        ""confidence"": 0.9
    }
}",low (<0.5m),0.95,No railings,0.9,Timber/Wood,0.95,few (<10),1.0,At-Grade,0.9,False
118199,2026-05-20T20:09:22.800064,gemma-4-26b-a4b-it,"{
    ""fall_height"": {
        ""value"": ""high (>1.2m)"",
        ""confidence"": 0.8
    },
    ""has_pedestrian_railing"": {
        ""value"": ""2 railings"",
        ""confidence"": 1.0
    },
    ""material_frame_tank_body"": {
        ""value"": ""Aluminum"",
        ""confidence"": 0.7
    },
    ""number_of_steps"": {
        ""value"": ""many (>20)"",
        ""confidence"": 0.9
    },
    ""structure_position"": {
        ""value"": ""Elevated"",
        ""confidence"": 1.0
    }
}",high (>1.2m),0.8,2 railings,1.0,Aluminum,0.7,many (>20),0.9,Elevated,1.0,False
118556,2026-05-20T20:10:05.917508,gemma-4-26b-a4b-it,"{
    ""fall_height"": {
        ""value"": ""high (>1.2m)"",
        ""confidence"": 0.7
    },
    ""has_pedestrian_railing"": {
        ""value"": ""1 railing"",
        ""confidence"": 0.95
    },
    ""material_frame_tank_body"": {
        ""value"": ""Timber/Wood"",
        ""confidence"": 1.0
    },
    ""number_of_steps"": {
        ""value"": ""few (<10)"",
        ""confidence"": 0.95
    },
    ""structure_position"": {
        ""value"": ""Elevated"",
        ""confidence"": 0.8
    }
}",high (>1.2m),0.7,1 railing,0.95,Timber/Wood,1.0,few (<10),0.95,Elevated,0.8,False
120546,2026-05-20T20:10:39.074703,gemma-4-26b-a4b-it,"{
    ""fall_height"": {
        ""value"": ""high (>1.2m)"",
        ""confidence"": 0.9
    },
    ""has_pedestrian_railing"": {
        ""value"": ""No railings"",
        ""confidence"": 1.0
    },
    ""material_frame_tank_body"": {
        ""value"": ""Timber/Wood"",
        ""confidence"": 1.0
    },
    ""number_of_steps"": {
        ""value"": ""medium (10-20)"",
        ""confidence"": 0.9
    },
    ""structure_position"": {
        ""value"": ""At-Grade"",
        ""confidence"": 0.8
    }
}",high (>1.2m),0.9,No railings,1.0,Timber/Wood,1.0,medium (10-20),0.9,At-Grade,0.8,False
120734,2026-05-20T20:11:24.676649,gemma-4-26b-a4b-it,"{
    ""fall_height"": {
        ""value"": ""high (>1.2m)"",
        ""confidence"": 0.7
    },
    ""has_pedestrian_railing"": {
        ""value"": ""No railings"",
        ""confidence"": 0.9
    },
    ""material_frame_tank_body"": {
        ""value"": ""Timber/Wood"",
        ""confidence"": 1.0
    },
    ""number_of_steps"": {
        ""value"": ""medium (10-20)"",
        ""confidence"": 0.8
    },
    ""structure_position"": {
        ""value"": ""At-Grade"",
        ""confidence"": 0.8
    }
}",high (>1.2m),0.7,No railings,0.9,Timber/Wood,1.0,medium (10-20),0.8,At-Grade,0.8,False
121000,2026-05-20T20:12:25.833725,gemma-4-26b-a4b-it,"```json
{
    ""fall_height"": {
        ""value"": ""high (>1.2m)"",
        ""confidence"": 0.8
    },
    ""has_pedestrian_railing"": {
        ""value"": ""2 railings"",
        ""confidence"": 0.7
    },
    ""material_frame_tank_body"": {
        ""value"": ""Timber/Wood"",
        ""confidence"": 1.0
    },
    ""number_of_steps"": {
        ""value"": ""medium (10-20)"",
        ""confidence"": 0.7
    },
    ""structure_position"": {
        ""value"": ""Elevated"",
        ""confidence"": 0.9
    }
}
```",high (>1.2m),0.8,2 railings,0.7,Timber/Wood,1.0,medium (10-20),0.7,Elevated,0.9,False
121001,2026-05-20T20:13:28.165894,gemma-4-26b-a4b-it,"{
    ""fall_height"": {
        ""value"": ""high (>1.2m)"",
        ""confidence"": 0.7
    },
    ""has_pedestrian_railing"": {
        ""value"": ""2 railings"",
        ""confidence"": 1.0
    },
    ""material_frame_tank_body"": {
        ""value"": ""Timber/Wood"",
        ""confidence"": 1.0
    },
    ""number_of_steps"": {
        ""value"": ""medium (10-20)"",
        ""confidence"": 0.8
    },
    ""structure_position"": {
        ""value"": ""Elevated"",
        ""confidence"": 0.9
    }
}",high (>1.2m),0.7,2 railings,1.0,Timber/Wood,1.0,medium (10-20),0.8,Elevated,0.9,False
121014,2026-05-20T20:14:08.405766,gemma-4-26b-a4b-it,"{
    ""fall_height"": {
        ""value"": ""low (<0.5m)"",
        ""confidence"": 0.9
    },
    ""has_pedestrian_railing"": {
        ""value"": ""No railings"",
        ""confidence"": 0.8
    },
    ""material_frame_tank_body"": {
        ""value"": ""Timber/Wood"",
        ""confidence"": 1.0
    },
    ""number_of_steps"": {
        ""value"": ""few (<10)"",
        ""confidence"": 1.0
    },
    ""structure_position"": {
        ""value"": ""At-Grade"",
        ""confidence"": 0.8
    }
}",low (<0.5m),0.9,No railings,0.8,Timber/Wood,1.0,few (<10),1.0,At-Grade,0.8,False
121017,2026-05-20T20:14:44.776876,gemma-4-26b-a4b-it,"{
    ""fall_height"": {
        ""value"": ""medium (0.5-1.2m)"",
        ""confidence"": 0.7
    },
    ""has_pedestrian_railing"": {
        ""value"": ""No railings"",
        ""confidence"": 0.95
    },
    ""material_frame_tank_body"": {
        ""value"": ""Timber/Wood"",
        ""confidence"": 1.0
    },
    ""number_of_steps"": {
        ""value"": ""few (<10)"",
        ""confidence"": 1.0
    },
    ""structure_position"": {
        ""value"": ""Elevated"",
        ""confidence"": 0.9
    }
}",medium (0.5-1.2m),0.7,No railings,0.95,Timber/Wood,1.0,few (<10),1.0,Elevated,0.9,False
121018,2026-05-20T20:15:57.790760,gemma-4-26b-a4b-it,"{
    ""fall_height"": {
    ""value"": ""high (>1.2m)"",
    ""confidence"": 0.7
    },
    ""has_pedestrian_railing"": {
    ""value"": ""2 railings"",
    ""confidence"": 0.9
    },
    ""material_frame_tank_body"": {
    ""value"": ""Timber/Wood"",
    ""confidence"": 1.0
    },
    ""number_of_steps"": {
    ""value"": ""medium (10-20)"",
    ""confidence"": 0.8
    },
    ""structure_position"": {
    ""value"": ""At-Grade"",
    ""confidence"": 0.8
    }
}",high (>1.2m),0.7,2 railings,0.9,Timber/Wood,1.0,medium (10-20),0.8,At-Grade,0.8,False
121071,2026-05-20T20:16:26.114922,gemma-4-26b-a4b-it,"{
    ""fall_height"": {
        ""value"": ""low (<0.5m)"",
        ""confidence"": 0.7
    },
    ""has_pedestrian_railing"": {
        ""value"": ""No railings"",
        ""confidence"": 1.0
    },
    ""material_frame_tank_body"": {
        ""value"": ""Timber/Wood"",
        ""confidence"": 1.0
    },
    ""number_of_steps"": {
        ""value"": ""few (<10)"",
        ""confidence"": 0.9
    },
    ""structure_position"": {
        ""value"": ""At-Grade"",
        ""confidence"": 0.9
    }
}",low (<0.5m),0.7,No railings,1.0,Timber/Wood,1.0,few (<10),0.9,At-Grade,0.9,False
121484,2026-05-20T20:17:05.276259,gemma-4-26b-a4b-it,"```json
{
    ""fall_height"": {
        ""value"": ""low (<0.5m)"",
        ""confidence"": 0.8
    },
    ""has_pedestrian_railing"": {
        ""value"": ""No railings"",
        ""confidence"": 1.0
    },
    ""material_frame_tank_body"": {
        ""value"": ""Timber/Wood"",
        ""confidence"": 0.9
    },
    ""number_of_steps"": {
        ""value"": ""few (<10)"",
        ""confidence"": 0.7
    },
    ""structure_position"": {
        ""value"": ""At-Grade"",
        ""confidence"": 0.9
    }
}
```",low (<0.5m),0.8,No railings,1.0,Timber/Wood,0.9,few (<10),0.7,At-Grade,0.9,False
121499,2026-05-20T20:17:50.494564,gemma-4-26b-a4b-it,"{
    ""fall_height"": {
        ""value"": ""high (>1.2m)"",
        ""confidence"": 0.7
    },
    ""has_pedestrian_railing"": {
        ""value"": ""2 railings"",
        ""confidence"": 1.0
    },
    ""material_frame_tank_body"": {
        ""value"": ""Timber/Wood"",
        ""confidence"": 1.0
    },
    ""number_of_steps"": {
        ""value"": ""medium (10-20)"",
        ""confidence"": 0.9
    },
    ""structure_position"": {
        ""value"": ""Elevated"",
        ""confidence"": 0.9
    }
}",high (>1.2m),0.7,2 railings,1.0,Timber/Wood,1.0,medium (10-20),0.9,Elevated,0.9,False
121917,2026-05-20T20:18:45.462485,gemma-4-26b-a4b-it,"{
    ""fall_height"": {
        ""value"": ""high"",
        ""confidence"": 0.7
    },
    ""has_pedestrian_railing"": {
        ""value"": ""No railings"",
        ""confidence"": 1.0
    },
    ""material_frame_tank_body"": {
        ""value"": ""Timber/Wood"",
        ""confidence"": 0.95
    },
    ""number_of_steps"": {
        ""value"": ""medium (10-20)"",
        ""confidence"": 0.85
    },
    ""structure_position"": {
        ""value"": ""At-Grade"",
        ""confidence"": 0.8
    }
}",high,0.7,No railings,1.0,Timber/Wood,0.95,medium (10-20),0.85,At-Grade,0.8,False
121918,2026-05-20T20:19:31.977451,gemma-4-26b-a4b-it,"{
    ""fall_height"": {
        ""value"": ""medium (0.5-1.2m)"",
        ""confidence"": 0.7
    },
    ""has_pedestrian_railing"": {
        ""value"": ""2 railings"",
        ""confidence"": 0.95
    },
    ""material_frame_tank_body"": {
        ""value"": ""Timber/Wood"",
        ""confidence"": 1.0
    },
    ""number_of_steps"": {
        ""value"": ""medium (10-20)"",
        ""confidence"": 0.9
    },
    ""structure_position"": {
        ""value"": ""Elevated"",
        ""confidence"": 0.8
    }
}",medium (0.5-1.2m),0.7,2 railings,0.95,Timber/Wood,1.0,medium (10-20),0.9,Elevated,0.8,False
121919,2026-05-20T20:20:13.421017,gemma-4-26b-a4b-it,"{
    ""fall_height"": {
        ""value"": ""medium (0.5-1.2m)"",
        ""confidence"": 0.7
    },
    ""has_pedestrian_railing"": {
        ""value"": ""2 railings"",
        ""confidence"": 1.0
    },
    ""material_frame_tank_body"": {
        ""value"": ""Timber/Wood"",
        ""confidence"": 1.0
    },
    ""number_of_steps"": {
        ""value"": ""few (<10)"",
        ""confidence"": 0.9
    },
    ""structure_position"": {
        ""value"": ""At-Grade"",
        ""confidence"": 0.8
    }
}",medium (0.5-1.2m),0.7,2 railings,1.0,Timber/Wood,1.0,few (<10),0.9,At-Grade,0.8,False
121921,2026-05-20T20:20:53.557253,gemma-4-26b-a4b-it,"{
    ""fall_height"": {
        ""value"": ""medium (0.5-1.2m)"",
        ""confidence"": 0.7
    },
    ""has_pedestrian_railing"": {
        ""value"": ""2 railings"",
        ""confidence"": 1.0
    },
    ""material_frame_tank_body"": {
        ""value"": ""Timber/Wood"",
        ""confidence"": 1.0
    },
    ""number_of_steps"": {
        ""value"": ""few (<10)"",
        ""confidence"": 1.0
    },
    ""structure_position"": {
        ""value"": ""At-Grade"",
        ""confidence"": 0.9
    }
}",medium (0.5-1.2m),0.7,2 railings,1.0,Timber/Wood,1.0,few (<10),1.0,At-Grade,0.9,False
122192,2026-05-20T20:22:18.814723,gemma-4-26b-a4b-it,"{
    ""fall_height"": {
        ""value"": ""high (>1.2m)"",
        ""confidence"": 0.8
    },
    ""has_pedestrian_railing"": {
        ""value"": ""No railings"",
        ""confidence"": 0.9
    },
    ""material_frame_tank_body"": {
        ""value"": ""Timber/Wood"",
        ""confidence"": 0.95
    },
    ""number_of_steps"": {
        ""value"": ""medium (10-20)"",
        ""confidence"": 0.9
    },
    ""structure_position"": {
        ""value"": ""Elevated"",
        ""confidence"": 0.95
    }
}",high (>1.2m),0.8,No railings,0.9,Timber/Wood,0.95,medium (10-20),0.9,Elevated,0.95,False
122611,2026-05-20T20:23:10.512628,gemma-4-26b-a4b-it,"{
    ""fall_height"": {
        ""value"": ""low (<0.5m)"",
        ""confidence"": 0.7
    },
    ""has_pedestrian_railing"": {
        ""value"": ""No railings"",
        ""confidence"": 0.95
    },
    ""material_frame_tank_body"": {
        ""value"": ""Timber/Wood"",
        ""confidence"": 1.0
    },
    ""number_of_steps"": {
        ""value"": ""medium (10-20)"",
        ""confidence"": 0.6
    },
    ""structure_position"": {
        ""value"": ""At-Grade"",
        ""confidence"": 0.8
    }
}",low (<0.5m),0.7,No railings,0.95,Timber/Wood,1.0,medium (10-20),0.6,At-Grade,0.8,False
122646,2026-05-20T20:23:57.863952,gemma-4-26b-a4b-it,"{
    ""fall_height"": {
        ""value"": ""high (>1.2m)"",
        ""confidence"": 0.7
    },
    ""has_pedestrian_railing"": {
        ""value"": ""2 railings"",
        ""confidence"": 1.0
    },
    ""material_frame_tank_body"": {
        ""value"": ""Timber/Wood"",
        ""confidence"": 1.0
    },
    ""number_of_steps"": {
        ""value"": ""many (>20)"",
        ""confidence"": 0.95
    },
    ""structure_position"": {
        ""value"": ""Elevated"",
        ""confidence"": 0.8
    }
}",high (>1.2m),0.7,2 railings,1.0,Timber/Wood,1.0,many (>20),0.95,Elevated,0.8,False
122647,2026-05-20T20:24:49.461181,gemma-4-26b-a4b-it,"{
""fall_height"": {
""value"": ""high (>1.2m)"",
""confidence"": 0.8
},
""has_pedestrian_railing"": {
""value"": ""2 railings"",
""confidence"": 0.9
},
""material_frame_tank_body"": {
""value"": ""Timber/Wood"",
""confidence"": 1.0
},
""number_of_steps"": {
""value"": ""few (<10)"",
""confidence"": 1.0
},
""structure_position"": {
""value"": ""Elevated"",
""confidence"": 0.8
}
}",high (>1.2m),0.8,2 railings,0.9,Timber/Wood,1.0,few (<10),1.0,Elevated,0.8,False
122648,2026-05-20T20:25:32.681070,gemma-4-26b-a4b-it,"```json
{
    ""fall_height"": {
        ""value"": ""high (>1.2m)"",
        ""confidence"": 0.7
    },
    ""has_pedestrian_railing"": {
        ""value"": ""No railings"",
        ""confidence"": 0.9
    },
    ""material_frame_tank_body"": {
        ""value"": ""Timber/Wood"",
        ""confidence"": 1.0
    },
    ""number_of_steps"": {
        ""value"": ""medium (10-20)"",
        ""confidence"": 0.95
    },
    ""structure_position"": {
        ""value"": ""At-Grade"",
        ""confidence"": 0.8
    }
}
```",high (>1.2m),0.7,No railings,0.9,Timber/Wood,1.0,medium (10-20),0.95,At-Grade,0.8,False
122649,2026-05-20T20:26:18.307551,gemma-4-26b-a4b-it,"{
    ""fall_height"": {
        ""value"": ""medium (0.5-1.2m)"",
        ""confidence"": 0.5
    },
    ""has_pedestrian_railing"": {
        ""value"": ""2 railings"",
        ""confidence"": 1.0
    },
    ""material_frame_tank_body"": {
        ""value"": ""Timber/Wood"",
        ""confidence"": 1.0
    },
    ""number_of_steps"": {
        ""value"": ""few (<10)"",
        ""confidence"": 0.9
    },
    ""structure_position"": {
        ""value"": ""Elevated"",
        ""confidence"": 0.9
    }
}",medium (0.5-1.2m),0.5,2 railings,1.0,Timber/Wood,1.0,few (<10),0.9,Elevated,0.9,False
122661,2026-05-20T20:27:35.427204,gemma-4-26b-a4b-it,"{
    ""fall_height"": {
        ""value"": ""medium (0.5-1.2m)"",
        ""confidence"": 0.7
    },
    ""has_pedestrian_railing"": {
        ""value"": ""2 railings"",
        ""confidence"": 0.9
    },
    ""material_frame_tank_body"": {
        ""value"": ""Timber/Wood"",
        ""confidence"": 1.0
    },
    ""number_of_steps"": {
        ""value"": ""few (<10)"",
        ""confidence"": 1.0
    },
    ""structure_position"": {
        ""value"": ""At-Grade"",
        ""confidence"": 0.8
    }
}",medium (0.5-1.2m),0.7,2 railings,0.9,Timber/Wood,1.0,few (<10),1.0,At-Grade,0.8,False
122663,2026-05-20T20:28:03.375062,gemma-4-26b-a4b-it,"{
    ""fall_height"": {
        ""value"": ""medium (0.5-1.2m)"",
        ""confidence"": 0.7
    },
    ""has_pedestrian_railing"": {
        ""value"": ""2 railings"",
        ""confidence"": 1.0
    },
    ""material_frame_tank_body"": {
        ""value"": ""Timber/Wood"",
        ""confidence"": 1.0
    },
    ""number_of_steps"": {
        ""value"": ""few (<10)"",
        ""confidence"": 0.9
    },
    ""structure_position"": {
        ""value"": ""Elevated"",
        ""confidence"": 0.8
    }
}",medium (0.5-1.2m),0.7,2 railings,1.0,Timber/Wood,1.0,few (<10),0.9,Elevated,0.8,False
122777,2026-05-20T20:29:08.976818,gemma-4-26b-a4b-it,"{
    ""fall_height"": {
        ""value"": ""medium (0.5-1.2m)"",
        ""confidence"": 0.5
    },
    ""has_pedestrian_railing"": {
        ""value"": ""2 railings"",
        ""confidence"": 1.0
    },
    ""material_frame_tank_body"": {
        ""value"": ""Timber/Wood"",
        ""confidence"": 1.0
    },
    ""number_of_steps"": {
        ""value"": ""medium (10-20)"",
        ""confidence"": 0.9
    },
    ""structure_position"": {
        ""value"": ""Elevated"",
        ""confidence"": 0.7
    }
}",medium (0.5-1.2m),0.5,2 railings,1.0,Timber/Wood,1.0,medium (10-20),0.9,Elevated,0.7,False
122779,2026-05-20T20:30:01.975309,gemma-4-26b-a4b-it,"{
    ""fall_height"": {
        ""value"": ""high (>1.2m)"",
        ""confidence"": 0.7
    },
    ""has_pedestrian_railing"": {
        ""value"": ""2 railings"",
        ""confidence"": 0.95
    },
    ""material_frame_tank_body"": {
        ""value"": ""Timber/Wood"",
        ""confidence"": 0.98
    },
    ""number_of_steps"": {
        ""value"": ""medium (10-20)"",
        ""confidence"": 0.75
    },
    ""structure_position"": {
        ""value"": ""Elevated"",
        ""confidence"": 0.85
    }
}",high (>1.2m),0.7,2 railings,0.95,Timber/Wood,0.98,medium (10-20),0.75,Elevated,0.85,False
122780,2026-05-20T20:30:46.009406,gemma-4-26b-a4b-it,"{
    ""fall_height"": {
        ""value"": ""medium (0.5-1.2m)"",
        ""confidence"": 0.7
    },
    ""has_pedestrian_railing"": {
        ""value"": ""2 railings"",
        ""confidence"": 1.0
    },
    ""material_frame_tank_body"": {
        ""value"": ""Timber/Wood"",
        ""confidence"": 1.0
    },
    ""number_of_steps"": {
        ""value"": ""few (<10)"",
        ""confidence"": 0.9
    },
    ""structure_position"": {
        ""value"": ""Elevated"",
        ""confidence"": 0.9
    }
}",medium (0.5-1.2m),0.7,2 railings,1.0,Timber/Wood,1.0,few (<10),0.9,Elevated,0.9,False
123140,2026-05-20T20:32:01.636304,gemma-4-26b-a4b-it,"```json
{
    ""fall_height"": {
        ""value"": ""high (>1.2m)"",
        ""confidence"": 0.8
    },
    ""has_pedestrian_railing"": {
        ""value"": ""2 railings"",
        ""confidence"": 1.0
    },
    ""material_frame_tank_body"": {
        ""value"": ""Steel"",
        ""confidence"": 0.9
    },
    ""number_of_steps"": {
        ""value"": ""many (>20)"",
        ""confidence"": 0.9
    },
    ""structure_position"": {
        ""value"": ""Elevated"",
        ""confidence"": 1.0
    }
}
```",high (>1.2m),0.8,2 railings,1.0,Steel,0.9,many (>20),0.9,Elevated,1.0,False
123141,2026-05-20T20:33:01.092933,gemma-4-26b-a4b-it,"{
    ""fall_height"": {
        ""value"": ""medium (0.5-1.2m)"",
        ""confidence"": 0.6
    },
    ""has_pedestrian_railing"": {
        ""value"": ""2 railings"",
        ""confidence"": 1.0
    },
    ""material_frame_tank_body"": {
        ""value"": ""Timber/Wood"",
        ""confidence"": 1.0
    },
    ""number_of_steps"": {
        ""value"": ""medium (10-20)"",
        ""confidence"": 0.9
    },
    ""structure_position"": {
        ""value"": ""Elevated"",
        ""confidence"": 0.7
    }
}",medium (0.5-1.2m),0.6,2 railings,1.0,Timber/Wood,1.0,medium (10-20),0.9,Elevated,0.7,False
123145,2026-05-20T20:34:06.210782,gemma-4-26b-a4b-it,"{
    ""fall_height"": {
        ""value"": ""medium"",
        ""confidence"": 0.6
    },
    ""has_pedestrian_railing"": {
        ""value"": ""No railings"",
        ""confidence"": 1.0
    },
    ""material_frame_tank_body"": {
        ""value"": ""Timber/Wood"",
        ""confidence"": 0.95
    },
    ""number_of_steps"": {
        ""value"": ""few"",
        ""confidence"": 0.85
    },
    ""structure_position"": {
        ""value"": ""At-Grade"",
        ""confidence"": 0.9
    }
}",medium,0.6,No railings,1.0,Timber/Wood,0.95,few,0.85,At-Grade,0.9,False
123217,2026-05-20T20:34:57.003575,gemma-4-26b-a4b-it,"{
    ""fall_height"": {
        ""value"": ""medium (0.5-1.2m)"",
        ""confidence"": 0.7
    },
    ""has_pedestrian_railing"": {
        ""value"": ""1 railing"",
        ""confidence"": 1.0
    },
    ""material_frame_tank_body"": {
        ""value"": ""Timber/Wood"",
        ""confidence"": 1.0
    },
    ""number_of_steps"": {
        ""value"": ""few (<10)"",
        ""confidence"": 1.0
    },
    ""structure_position"": {
        ""value"": ""At-Grade"",
        ""confidence"": 0.8
    }
}",medium (0.5-1.2m),0.7,1 railing,1.0,Timber/Wood,1.0,few (<10),1.0,At-Grade,0.8,False
123413,2026-05-20T20:35:38.809298,gemma-4-26b-a4b-it,"{
    ""fall_height"": {
        ""value"": ""low (<0.5m)"",
        ""confidence"": 0.8
    },
    ""has_pedestrian_railing"": {
        ""value"": ""No railings"",
        ""confidence"": 1.0
    },
    ""material_frame_tank_body"": {
        ""value"": ""Concrete"",
        ""confidence"": 0.8
    },
    ""number_of_steps"": {
        ""value"": ""few (<10)"",
        ""confidence"": 0.9
    },
    ""structure_position"": {
        ""value"": ""At-Grade"",
        ""confidence"": 0.8
    }
}",low (<0.5m),0.8,No railings,1.0,Concrete,0.8,few (<10),0.9,At-Grade,0.8,False
123416,2026-05-20T20:36:44.394972,gemma-4-26b-a4b-it,"{
    ""fall_height"": {
        ""value"": ""medium (0.5-1.2m)"",
        ""confidence"": 0.5
    },
    ""has_pedestrian_railing"": {
        ""value"": ""No railings"",
        ""confidence"": 1.0
    },
    ""material_frame_tank_body"": {
        ""value"": ""Concrete"",
        ""confidence"": 0.8
    },
    ""number_of_steps"": {
        ""value"": ""medium (10-20)"",
        ""confidence"": 0.95
    },
    ""structure_position"": {
        ""value"": ""At-Grade"",
        ""confidence"": 0.9
    }
}",medium (0.5-1.2m),0.5,No railings,1.0,Concrete,0.8,medium (10-20),0.95,At-Grade,0.9,False
123577,2026-05-20T20:37:16.820552,gemma-4-26b-a4b-it,"{
    ""fall_height"": {
        ""value"": ""low (<0.5m)"",
        ""confidence"": 0.7
    },
    ""has_pedestrian_railing"": {
        ""value"": ""No railings"",
        ""confidence"": 1.0
    },
    ""material_frame_tank_body"": {
        ""value"": ""Timber/Wood"",
        ""confidence"": 1.0
    },
    ""number_of_steps"": {
        ""value"": ""many (>20)"",
        ""confidence"": 0.9
    },
    ""structure_position"": {
        ""value"": ""At-Grade"",
        ""confidence"": 0.8
    }
}",low (<0.5m),0.7,No railings,1.0,Timber/Wood,1.0,many (>20),0.9,At-Grade,0.8,False
123605,2026-05-20T20:37:53.306226,gemma-4-26b-a4b-it,"{
    ""fall_height"": {
        ""value"": ""high (>1.2m)"",
        ""confidence"": 0.7
    },
    ""has_pedestrian_railing"": {
        ""value"": ""1 railing"",
        ""confidence"": 1.0
    },
    ""material_frame_tank_body"": {
        ""value"": ""Metal"",
        ""confidence"": 0.9
    },
    ""number_of_steps"": {
        ""value"": ""many (>20)"",
        ""confidence"": 1.0
    },
    ""structure_position"": {
        ""value"": ""Elevated"",
        ""confidence"": 0.9
    }
}",high (>1.2m),0.7,1 railing,1.0,Metal,0.9,many (>20),1.0,Elevated,0.9,False
123618,2026-05-20T20:38:44.691103,gemma-4-26b-a4b-it,"```json
{
    ""fall_height"": {
        ""value"": ""medium (0.5-1.2m)"",
        ""confidence"": 0.6
    },
    ""has_pedestrian_railing"": {
        ""value"": ""No railings"",
        ""confidence"": 1.0
    },
    ""material_frame_tank_body"": {
        ""value"": ""Timber/Wood"",
        ""confidence"": 1.0
    },
    ""number_of_steps"": {
        ""value"": ""medium (10-20)"",
        ""confidence"": 0.8
    },
    ""structure_position"": {
        ""value"": ""At-Grade"",
        ""confidence"": 0.8
    }
}
```",medium (0.5-1.2m),0.6,No railings,1.0,Timber/Wood,1.0,medium (10-20),0.8,At-Grade,0.8,False
123620,2026-05-20T20:39:56.315512,gemma-4-26b-a4b-it,"{
    ""fall_height"": {
        ""value"": ""high (>1.2m)"",
        ""confidence"": 0.7
    },
    ""has_pedestrian_railing"": {
        ""value"": ""No railings"",
        ""confidence"": 0.8
    },
    ""material_frame_tank_body"": {
        ""value"": ""Aluminum"",
        ""confidence"": 0.8
    },
    ""number_of_steps"": {
        ""value"": ""many (>20)"",
        ""confidence"": 0.9
    },
    ""structure_position"": {
        ""value"": ""At-Grade"",
        ""confidence"": 0.8
    }
}",high (>1.2m),0.7,No railings,0.8,Aluminum,0.8,many (>20),0.9,At-Grade,0.8,False
124042,2026-05-20T20:41:01.150072,gemma-4-26b-a4b-it,"{
    ""fall_height"": {
        ""value"": ""low (<0.5m)"",
        ""confidence"": 0.6
    },
    ""has_pedestrian_railing"": {
        ""value"": ""No railings"",
        ""confidence"": 1.0
    },
    ""material_frame_tank_body"": {
        ""value"": ""Timber/Wood"",
        ""confidence"": 0.9
    },
    ""number_of_steps"": {
        ""value"": ""few (<10)"",
        ""confidence"": 0.7
    },
    ""structure_position"": {
        ""value"": ""At-Grade"",
        ""confidence"": 0.9
    }
}",low (<0.5m),0.6,No railings,1.0,Timber/Wood,0.9,few (<10),0.7,At-Grade,0.9,False
124044,2026-05-20T20:41:35.391797,gemma-4-26b-a4b-it,"{
""fall_height"": {
""value"": ""low (<0.5m)"",
""confidence"": 0.95
},
""has_pedestrian_railing"": {
""value"": ""No railings"",
""confidence"": 1.0
},
""material_frame_tank_body"": {
""value"": ""Timber/Wood"",
""confidence"": 0.95
},
""number_of_steps"": {
""value"": ""few (<10)"",
""confidence"": 0.9
},
""structure_position"": {
""value"": ""At-Grade"",
""confidence"": 0.9
}
}",low (<0.5m),0.95,No railings,1.0,Timber/Wood,0.95,few (<10),0.9,At-Grade,0.9,False
124045,2026-05-20T20:42:28.796867,gemma-4-26b-a4b-it,"{
    ""fall_height"": {
        ""value"": ""low (<0.5m)"",
        ""confidence"": 0.95
    },
    ""has_pedestrian_railing"": {
        ""value"": ""No railings"",
        ""confidence"": 0.95
    },
    ""material_frame_tank_body"": {
        ""value"": ""Timber/Wood"",
        ""confidence"": 0.95
    },
    ""number_of_steps"": {
        ""value"": ""few (<10)"",
        ""confidence"": 0.8
    },
    ""structure_position"": {
        ""value"": ""At-Grade"",
        ""confidence"": 0.7
    }
}",low (<0.5m),0.95,No railings,0.95,Timber/Wood,0.95,few (<10),0.8,At-Grade,0.7,False
125311,2026-05-20T20:43:17.794183,gemma-4-26b-a4b-it,"{
    ""fall_height"": {
        ""value"": ""low (<0.5m)"",
        ""confidence"": 0.7
    },
    ""has_pedestrian_railing"": {
        ""value"": ""No railings"",
        ""confidence"": 1.0
    },
    ""material_frame_tank_body"": {
        ""value"": ""Earth-Filled"",
        ""confidence"": 0.9
    },
    ""number_of_steps"": {
        ""value"": ""few (<10)"",
        ""confidence"": 0.9
    },
    ""structure_position"": {
        ""value"": ""At-Grade"",
        ""confidence"": 0.8
    }
}",low (<0.5m),0.7,No railings,1.0,Earth-Filled,0.9,few (<10),0.9,At-Grade,0.8,False
125976,2026-05-20T20:43:56.799441,gemma-4-26b-a4b-it,"{
    ""fall_height"": {
        ""value"": ""medium (0.5-1.2m)"",
        ""confidence"": 0.7
    },
    ""has_pedestrian_railing"": {
        ""value"": ""No railings"",
        ""confidence"": 1.0
    },
    ""material_frame_tank_body"": {
        ""value"": ""Timber/Wood"",
        ""confidence"": 0.9
    },
    ""number_of_steps"": {
        ""value"": ""few (<10)"",
        ""confidence"": 0.95
    },
    ""structure_position"": {
        ""value"": ""At-Grade"",
        ""confidence"": 0.8
    }
}",medium (0.5-1.2m),0.7,No railings,1.0,Timber/Wood,0.9,few (<10),0.95,At-Grade,0.8,False
126696,2026-05-20T20:44:54.508924,gemma-4-26b-a4b-it,"{
    ""fall_height"": {
        ""value"": ""medium (0.5-1.2m)"",
        ""confidence"": 0.7
    },
    ""has_pedestrian_railing"": {
        ""value"": ""No railings"",
        ""confidence"": 1.0
    },
    ""material_frame_tank_body"": {
        ""value"": ""Timber/Wood"",
        ""confidence"": 1.0
    },
    ""number_of_steps"": {
        ""value"": ""medium (10-20)"",
        ""confidence"": 0.9
    },
    ""structure_position"": {
        ""value"": ""At-Grade"",
        ""confidence"": 0.9
    }
}",medium (0.5-1.2m),0.7,No railings,1.0,Timber/Wood,1.0,medium (10-20),0.9,At-Grade,0.9,False
126700,2026-05-20T20:45:44.671460,gemma-4-26b-a4b-it,"{
    ""fall_height"": {
        ""value"": ""medium (0.5-1.2m)"",
        ""confidence"": 0.4
    },
    ""has_pedestrian_railing"": {
        ""value"": ""No railings"",
        ""confidence"": 0.95
    },
    ""material_frame_tank_body"": {
        ""value"": ""Timber/Wood"",
        ""confidence"": 0.95
    },
    ""number_of_steps"": {
        ""value"": ""few (<10)"",
        ""confidence"": 0.7
    },
    ""structure_position"": {
        ""value"": ""At-Grade"",
        ""confidence"": 0.9
    }
}",medium (0.5-1.2m),0.4,No railings,0.95,Timber/Wood,0.95,few (<10),0.7,At-Grade,0.9,False
126777,2026-05-20T20:46:44.558162,gemma-4-26b-a4b-it,"{
    ""fall_height"": {
        ""value"": ""high (>1.2m)"",
        ""confidence"": 0.8
    },
    ""has_pedestrian_railing"": {
        ""value"": ""1 railing"",
        ""confidence"": 0.9
    },
    ""material_frame_tank_body"": {
        ""value"": ""Timber/Wood"",
        ""confidence"": 1.0
    },
    ""number_of_steps"": {
        ""value"": ""medium (10-20)"",
        ""confidence"": 0.7
    },
    ""structure_position"": {
        ""value"": ""Elevated"",
        ""confidence"": 0.9
    }
}",high (>1.2m),0.8,1 railing,0.9,Timber/Wood,1.0,medium (10-20),0.7,Elevated,0.9,False
126796,2026-05-20T20:48:03.331636,gemma-4-26b-a4b-it,"{
    ""fall_height"": {
        ""value"": ""high (>1.2m)"",
        ""confidence"": 0.8
    },
    ""has_pedestrian_railing"": {
        ""value"": ""1 railing"",
        ""confidence"": 1.0
    },
    ""material_frame_tank_body"": {
        ""value"": ""Timber/Wood"",
        ""confidence"": 1.0
    },
    ""number_of_steps"": {
        ""value"": ""many (>20)"",
        ""confidence"": 0.7
    },
    ""structure_position"": {
        ""value"": ""At-Grade"",
        ""confidence"": 0.7
    }
}",high (>1.2m),0.8,1 railing,1.0,Timber/Wood,1.0,many (>20),0.7,At-Grade,0.7,False
126797,2026-05-20T20:48:56.318148,gemma-4-26b-a4b-it,"{
""fall_height"": {
""value"": ""high (>1.2m)"",
""confidence"": 0.7
},
""has_pedestrian_railing"": {
""value"": ""2 railings"",
""confidence"": 0.95
},
""material_frame_tank_body"": {
""value"": ""Timber/Wood"",
""confidence"": 1.0
},
""number_of_steps"": {
""value"": ""medium (10-20)"",
""confidence"": 0.85
},
""structure_position"": {
""value"": ""At-Grade"",
""confidence"": 0.8
}
}",high (>1.2m),0.7,2 railings,0.95,Timber/Wood,1.0,medium (10-20),0.85,At-Grade,0.8,False
127081,2026-05-20T20:49:45.161209,gemma-4-26b-a4b-it,"{
    ""fall_height"": {
        ""value"": ""high (>1.2m)"",
        ""confidence"": 0.7
    },
    ""has_pedestrian_railing"": {
        ""value"": ""No railings"",
        ""confidence"": 0.95
    },
    ""material_frame_tank_body"": {
        ""value"": ""Timber/Wood"",
        ""confidence"": 0.9
    },
    ""number_of_steps"": {
        ""value"": ""many (>20)"",
        ""confidence"": 0.9
    },
    ""structure_position"": {
        ""value"": ""At-Grade"",
        ""confidence"": 0.8
    }
}",high (>1.2m),0.7,No railings,0.95,Timber/Wood,0.9,many (>20),0.9,At-Grade,0.8,False
127144,2026-05-20T20:51:11.526406,gemma-4-26b-a4b-it,"{
    ""fall_height"": {
        ""value"": ""low (<0.5m)"",
        ""confidence"": 0.8
    },
    ""has_pedestrian_railing"": {
        ""value"": ""No railings"",
        ""confidence"": 1.0
    },
    ""material_frame_tank_body"": {
        ""value"": ""Timber/Wood"",
        ""confidence"": 1.0
    },
    ""number_of_steps"": {
        ""value"": ""medium (10-20)"",
        ""confidence"": 0.9
    },
    ""structure_position"": {
        ""value"": ""At-Grade"",
        ""confidence"": 0.9
    }
}",low (<0.5m),0.8,No railings,1.0,Timber/Wood,1.0,medium (10-20),0.9,At-Grade,0.9,False
127152,2026-05-20T20:51:58.083223,gemma-4-26b-a4b-it,"{
    ""fall_height"": {
        ""value"": ""unable to determine"",
        ""confidence"": 0.0
    },
    ""has_pedestrian_railing"": {
        ""value"": ""1 railing"",
        ""confidence"": 1.0
    },
    ""material_frame_tank_body"": {
        ""value"": ""Timber/Wood"",
        ""confidence"": 1.0
    },
    ""number_of_steps"": {
        ""value"": ""few (<10)"",
        ""confidence"": 0.9
    },
    ""structure_position"": {
        ""value"": ""At-Grade"",
        ""confidence"": 0.7
    }
}",unable to determine,0.0,1 railing,1.0,Timber/Wood,1.0,few (<10),0.9,At-Grade,0.7,False
127157,2026-05-20T20:53:02.756335,gemma-4-26b-a4b-it,"{
    ""fall_height"": {
        ""value"": ""high (>1.2m)"",
        ""confidence"": 0.7
    },
    ""has_pedestrian_railing"": {
        ""value"": ""1 railing"",
        ""confidence"": 1.0
    },
    ""material_frame_tank_body"": {
        ""value"": ""Timber/Wood"",
        ""confidence"": 1.0
    },
    ""number_of_steps"": {
        ""value"": ""few (<10)"",
        ""confidence"": 1.0
    },
    ""structure_position"": {
        ""value"": ""Elevated"",
        ""confidence"": 0.8
    }
}",high (>1.2m),0.7,1 railing,1.0,Timber/Wood,1.0,few (<10),1.0,Elevated,0.8,False
127168,2026-05-20T20:53:25.163730,gemma-4-26b-a4b-it,"{
    ""fall_height"": {
        ""value"": ""low (<0.5m)"",
        ""confidence"": 0.95
    },
    ""has_pedestrian_railing"": {
        ""value"": ""No railings"",
        ""confidence"": 1.0
    },
    ""material_frame_tank_body"": {
        ""value"": ""Timber/Wood"",
        ""confidence"": 0.95
    },
    ""number_of_steps"": {
        ""value"": ""few (<10)"",
        ""confidence"": 0.95
    },
    ""structure_position"": {
        ""value"": ""At-Grade"",
        ""confidence"": 0.9
    }
}",low (<0.5m),0.95,No railings,1.0,Timber/Wood,0.95,few (<10),0.95,At-Grade,0.9,False
127169,2026-05-20T20:54:21.233845,gemma-4-26b-a4b-it,"{
    ""fall_height"": {
        ""value"": ""low (<0.5m)"",
        ""confidence"": 0.9
    },
    ""has_pedestrian_railing"": {
        ""value"": ""No railings"",
        ""confidence"": 1.0
    },
    ""material_frame_tank_body"": {
        ""value"": ""Timber/Wood"",
        ""confidence"": 1.0
    },
    ""number_of_steps"": {
        ""value"": ""medium (10-20)"",
        ""confidence"": 0.85
    },
    ""structure_position"": {
        ""value"": ""At-Grade"",
        ""confidence"": 0.8
    }
}",low (<0.5m),0.9,No railings,1.0,Timber/Wood,1.0,medium (10-20),0.85,At-Grade,0.8,False
